CREATE TABLE cathedra
(
    cathedra_id INT(11) PRIMARY KEY NOT NULL,
    name VARCHAR(80),
    department_department_id INT(11),
    CONSTRAINT FK_o0au1torgv8xtd6jixlfrnn4m FOREIGN KEY (department_department_id) REFERENCES department (department_id)
);
CREATE INDEX FK_o0au1torgv8xtd6jixlfrnn4m ON cathedra (department_department_id);
CREATE TABLE department
(
    department_id INT(11) PRIMARY KEY NOT NULL,
    main_info TEXT,
    name VARCHAR(255)
);
CREATE TABLE final_report
(
    grade INT(11),
    student_student_id INT(11) NOT NULL,
    finalTest_final_id INT(11) NOT NULL,
    CONSTRAINT `PRIMARY` PRIMARY KEY (student_student_id, finalTest_final_id),
    CONSTRAINT FK_osuog6gjb38fnvg439sbolbp7 FOREIGN KEY (student_student_id) REFERENCES student (student_id),
    CONSTRAINT FK_qw3xa73wtd1p61xssfhxxsbl5 FOREIGN KEY (finalTest_final_id) REFERENCES final_test (final_id)
);
CREATE INDEX FK_qw3xa73wtd1p61xssfhxxsbl5 ON final_report (finalTest_final_id);
CREATE TABLE professor
(
    professor_id INT(11) PRIMARY KEY NOT NULL,
    academic_degree VARCHAR(255),
    full_name VARCHAR(255),
    cathedra_cathedra_id INT(11),
    CONSTRAINT FK_i8uysssfxo5l08jnmfcf308f4 FOREIGN KEY (cathedra_cathedra_id) REFERENCES cathedra (cathedra_id)
);
CREATE INDEX FK_i8uysssfxo5l08jnmfcf308f4 ON professor (cathedra_cathedra_id);
CREATE TABLE room
(
    room_id INT(11) PRIMARY KEY NOT NULL,
    name VARCHAR(255)
);
CREATE TABLE student
(
    student_id INT(11) PRIMARY KEY NOT NULL,
    fullName VARCHAR(255),
    group_group_id INT(11),
    CONSTRAINT FK_t2fyim152mg2u4l6ltwc8jqn5 FOREIGN KEY (group_group_id) REFERENCES universitygroup (group_id)
);
CREATE INDEX FK_t2fyim152mg2u4l6ltwc8jqn5 ON student (group_group_id);
CREATE TABLE subject
(
    subject_id INT(11) PRIMARY KEY NOT NULL,
    final_type INT(11),
    name VARCHAR(255)
);
CREATE TABLE syllabus
(
    syllabus_id INT(11) PRIMARY KEY NOT NULL,
    class_type INT(11),
    group_group_id INT(11),
    professor_professor_id INT(11),
    subject_subject_id INT(11),
    CONSTRAINT FK_3p50hd3vi9hivg0bkoqjnx17q FOREIGN KEY (subject_subject_id) REFERENCES subject (subject_id),
    CONSTRAINT FK_655f6etd2lfmuc3f927rxujk FOREIGN KEY (professor_professor_id) REFERENCES professor (professor_id),
    CONSTRAINT FK_i8awgtll69aoft3xrktqn50oq FOREIGN KEY (group_group_id) REFERENCES universitygroup (group_id)
);
CREATE INDEX FK_3p50hd3vi9hivg0bkoqjnx17q ON syllabus (subject_subject_id);
CREATE INDEX FK_655f6etd2lfmuc3f927rxujk ON syllabus (professor_professor_id);
CREATE INDEX FK_i8awgtll69aoft3xrktqn50oq ON syllabus (group_group_id);
CREATE TABLE universitygroup
(
    group_id INT(11) PRIMARY KEY NOT NULL,
    course INT(11),
    name VARCHAR(255),
    department_department_id INT(11),
    CONSTRAINT FK_i41vvql8wlasdoo8wksaupsko FOREIGN KEY (department_department_id) REFERENCES department (department_id)
);
CREATE INDEX FK_i41vvql8wlasdoo8wksaupsko ON universitygroup (department_department_id);
CREATE TABLE final_test
(
    final_id INT(11) PRIMARY KEY NOT NULL,
    time DATE,
    group_group_id INT(11),
    room_room_id INT(11),
    subject_subject_id INT(11),
    CONSTRAINT FK_4peldt1wlssc4kpocoua94pms FOREIGN KEY (room_room_id) REFERENCES room (room_id),
    CONSTRAINT FK_fq9a2qlqy3ktkuj2y42ide98 FOREIGN KEY (subject_subject_id) REFERENCES subject (subject_id),
    CONSTRAINT FK_jgl98wwnub7ix3tlf47irgu66 FOREIGN KEY (group_group_id) REFERENCES universitygroup (group_id)
);
CREATE INDEX FK_4peldt1wlssc4kpocoua94pms ON final_test (room_room_id);
CREATE INDEX FK_fq9a2qlqy3ktkuj2y42ide98 ON final_test (subject_subject_id);
CREATE INDEX FK_jgl98wwnub7ix3tlf47irgu66 ON final_test (group_group_id);
CREATE TABLE dekanat_user
(
    id INT(11) PRIMARY KEY NOT NULL,
    name VARCHAR(255),
    login VARCHAR(255),
    password VARCHAR(255)
);INSERT INTO cathedra (cathedra_id, name, department_department_id) VALUES (1, 'FI', 1);
INSERT INTO cathedra (cathedra_id, name, department_department_id) VALUES (21, 'Кафедра літературознавства', 1000);
INSERT INTO cathedra (cathedra_id, name, department_department_id) VALUES (31, 'Кафедра культурології', 1000);
INSERT INTO cathedra (cathedra_id, name, department_department_id) VALUES (41, 'Кафедра української мови', 1000);
INSERT INTO cathedra (cathedra_id, name, department_department_id) VALUES (51, 'Кафедра філософії та релігієзнавства', 1000);
INSERT INTO cathedra (cathedra_id, name, department_department_id) VALUES (61, 'Кафедра англійської мови', 1000);
INSERT INTO cathedra (cathedra_id, name, department_department_id) VALUES (71, 'Кафедра археології', 1000);
INSERT INTO cathedra (cathedra_id, name, department_department_id) VALUES (81, 'Кафедра історії', 1000);
INSERT INTO cathedra (cathedra_id, name, department_department_id) VALUES (91, 'Кафедра економічної теорії', 1001);
INSERT INTO cathedra (cathedra_id, name, department_department_id) VALUES (101, 'Кафедра фінансів', 1001);
INSERT INTO cathedra (cathedra_id, name, department_department_id) VALUES (111, 'Кафедра маркетингу', 1001);
INSERT INTO cathedra (cathedra_id, name, department_department_id) VALUES (121, 'Кафедра мультимедійних систем', 1002);
INSERT INTO cathedra (cathedra_id, name, department_department_id) VALUES (131, 'Кафедра інформатики', 1002);
INSERT INTO cathedra (cathedra_id, name, department_department_id) VALUES (141, 'Кафедра математики', 1002);
INSERT INTO cathedra (cathedra_id, name, department_department_id) VALUES (151, 'Кафедра мережних технологій', 1002);
INSERT INTO cathedra (cathedra_id, name, department_department_id) VALUES (161, 'Кафедра міжнародного права і спеціальних правових наук', 1003);
INSERT INTO cathedra (cathedra_id, name, department_department_id) VALUES (171, 'Кафедра загальнотеоретичних та державно-правових наук', 1003);
INSERT INTO cathedra (cathedra_id, name, department_department_id) VALUES (181, 'Кафедра галузевих правових наук', 1003);
INSERT INTO cathedra (cathedra_id, name, department_department_id) VALUES (191, 'Кафедра ім. Жана Моне з права Європейського Союзу', 1003);
INSERT INTO cathedra (cathedra_id, name, department_department_id) VALUES (201, 'Кафедра біології', 1004);
INSERT INTO cathedra (cathedra_id, name, department_department_id) VALUES (211, 'Кафедра екології', 1004);
INSERT INTO cathedra (cathedra_id, name, department_department_id) VALUES (221, 'Кафедра хімії', 1004);
INSERT INTO cathedra (cathedra_id, name, department_department_id) VALUES (231, 'Кафедра фізико-метематичних наук', 1004);
INSERT INTO cathedra (cathedra_id, name, department_department_id) VALUES (241, 'Кафедра лабораторної діагностики біологічних систем', 1004);
INSERT INTO cathedra (cathedra_id, name, department_department_id) VALUES (251, 'Кафедра фізичного виховання', 1004);
INSERT INTO cathedra (cathedra_id, name, department_department_id) VALUES (261, 'Кафедра зв’язків із громадськістю', 1005);
INSERT INTO cathedra (cathedra_id, name, department_department_id) VALUES (271, 'Кафедра психології та педагогіки', 1005);
INSERT INTO cathedra (cathedra_id, name, department_department_id) VALUES (281, 'Кафедра політології', 1005);
INSERT INTO cathedra (cathedra_id, name, department_department_id) VALUES (291, 'Кафедра соціології', 1005);INSERT INTO dekanat_user (id, name, login, password) VALUES (1, 'Катя', 'nira', 'mypass');
INSERT INTO dekanat_user (id, name, login, password) VALUES (2, 'user', 'user', 'user');INSERT INTO department (department_id, main_info, name) VALUES (1, 'lolka', 'FI');
INSERT INTO department (department_id, main_info, name) VALUES (1000, 'Студенти ФГН мають змогу отримати ґрунтовну освіту і сформувати навички науково-дослідної, науково-організаційної та професійно-педагогічної діяльності.
Завдяки здобутим знанням і навичкам випускники ФГН мають можливість продовжити навчання в аспірантурі та Докторській школі НаУКМА, займатися викладацькою діяльністю, працювати в науково-дослідницьких установах, державних структурах, закладах культури, засобах масової інформації тощо. Впродовж багатьох років випускники ФГН мають значний попит на ринку праці, адже, за рейтингами працедавців, ФГН є визнаним лідером серед вищих навчальних закладів України в царині гуманітарної освіти.', 'Факультет гуманітарних наук');
INSERT INTO department (department_id, main_info, name) VALUES (1001, 'Створений у серпні 2000 року на основі Департаменту економічних наук НаУКМА, Факультет економічних наук готує фахівців-економістів на програмах освітньо-кваліфікаційних рівнів бакалавра і спеціаліста, а також має аспірантуру. Освітньо-професійні програми підготовки економістів відповідають державним стандартам вищої освіти України, а також сучасним західним стандартам вищої економічної освіти.', 'Факультет економічних наук');
INSERT INTO department (department_id, main_info, name) VALUES (1002, 'До складу Факультету інформатики НаУКМА входить чотири кафедри: інформатики, математики, мережних технологій, мультимедійних систем, а також лабораторія інформатики.
Основні завдання факультету — забезпечення базової вищої освіти з фундаментальних напрямів сучасної кiбернетики, інформатики та прикладної математики; підготовка фахівців широкого профілю, здатних розробляти та впроваджувати складні комп`ютерні системи, застосовувати методи системного аналізу та математичного моделювання під час розв`язання практичних задач в економіці, управлінні тощо, а також у теоретичних та прикладних науково-технічних дослідженнях.', 'Факультет інформатики');
INSERT INTO department (department_id, main_info, name) VALUES (1003, 'Головне завдання факультету правничих наук – підготовка правників нового покоління, спроможних на високому професійному рівні реалізовувати здобуті знання в усіх сферах багатогранної юридичної науки і практики, які є свідомими, чесними, небайдужими, творчими особистостями, здатними незалежно мислити і відповідально діяти згідно з принципами добра та справедливості, для розвитку відкритого і демократичного суспільства.', 'Факультет правничих наук');
INSERT INTO department (department_id, main_info, name) VALUES (1004, 'Випускники мають можливість продовжити навчання в аспірантурі, докторантурі.', 'Факультет природничих наук');
INSERT INTO department (department_id, main_info, name) VALUES (1005, 'Факультет провадить навчання на двох рівнях вищої освіти — бакалаврат і маґістеріум. До бакалаврату належать такі напрями: політологія (порівняльна політологія), соціальна робота, соціологія, психологія. Маґістрів Факультет соціальних наук і соціальних технологій навчає за такими програмами: політологія, соціологія, соціальна робота, менеджмент в охороні здоров`я, журналістика, зв`язки з громадськістю.', 'Факультет соціальних наук та соціальних технологій');INSERT INTO final_report (grade, student_student_id, finalTest_final_id) VALUES (71, 3211, 2);
INSERT INTO final_report (grade, student_student_id, finalTest_final_id) VALUES (71, 3221, 2);
INSERT INTO final_report (grade, student_student_id, finalTest_final_id) VALUES (77, 3231, 2);
INSERT INTO final_report (grade, student_student_id, finalTest_final_id) VALUES (89, 3241, 2);
INSERT INTO final_report (grade, student_student_id, finalTest_final_id) VALUES (79, 3251, 2);
INSERT INTO final_report (grade, student_student_id, finalTest_final_id) VALUES (99, 3261, 2);
INSERT INTO final_report (grade, student_student_id, finalTest_final_id) VALUES (100, 3271, 2);
INSERT INTO final_report (grade, student_student_id, finalTest_final_id) VALUES (71, 3281, 2);
INSERT INTO final_report (grade, student_student_id, finalTest_final_id) VALUES (72, 3291, 2);
INSERT INTO final_report (grade, student_student_id, finalTest_final_id) VALUES (73, 3301, 2);
INSERT INTO final_report (grade, student_student_id, finalTest_final_id) VALUES (74, 3311, 2);
INSERT INTO final_report (grade, student_student_id, finalTest_final_id) VALUES (71, 3341, 2);
INSERT INTO final_report (grade, student_student_id, finalTest_final_id) VALUES (77, 3351, 2);
INSERT INTO final_report (grade, student_student_id, finalTest_final_id) VALUES (89, 3361, 2);
INSERT INTO final_report (grade, student_student_id, finalTest_final_id) VALUES (79, 3371, 2);
INSERT INTO final_report (grade, student_student_id, finalTest_final_id) VALUES (99, 3381, 2);INSERT INTO final_test (final_id, time, group_group_id, room_room_id, subject_subject_id) VALUES (1, '2016-04-30', 11, 11, 1);
INSERT INTO final_test (final_id, time, group_group_id, room_room_id, subject_subject_id) VALUES (2, '2016-04-30', 171, 81, 121);INSERT INTO professor (professor_id, academic_degree, full_name, cathedra_cathedra_id) VALUES (1, 'професор', ' БОНДАРЕНКО НІНА ВАСИЛІВНА', 21);
INSERT INTO professor (professor_id, academic_degree, full_name, cathedra_cathedra_id) VALUES (11, 'доктор філологічних наук', ' КОВАЛЕНКО ОЛЕКСАНДР МИКОЛАЙОВИЧ', 21);
INSERT INTO professor (professor_id, academic_degree, full_name, cathedra_cathedra_id) VALUES (21, 'кандидат філологічних наук', ' ЧОРНИЙ ВОЛОДИМИР ІВАНОВИЧ', 21);
INSERT INTO professor (professor_id, academic_degree, full_name, cathedra_cathedra_id) VALUES (31, 'старший викладач', ' МОРОЗ ВІКТОР ІВАНОВИЧ', 21);
INSERT INTO professor (professor_id, academic_degree, full_name, cathedra_cathedra_id) VALUES (41, 'кандидат філологічних наук', ' БОДНАР ВАСИЛЬ ІВАНОВИЧ', 21);
INSERT INTO professor (professor_id, academic_degree, full_name, cathedra_cathedra_id) VALUES (51, 'старший викладач', ' САВЧУК МАРІЯ МИКОЛАЇВНА', 31);
INSERT INTO professor (professor_id, academic_degree, full_name, cathedra_cathedra_id) VALUES (61, 'доктор філологічних наук', ' СЕМЕНЮК МИКОЛА ІВАНОВИЧ', 31);
INSERT INTO professor (professor_id, academic_degree, full_name, cathedra_cathedra_id) VALUES (71, 'професор', ' ЛИСЕНКО СЕРГІЙ МИКОЛАЙОВИЧ', 31);
INSERT INTO professor (professor_id, academic_degree, full_name, cathedra_cathedra_id) VALUES (81, 'старший викладач', ' ГОНЧАРЕНКО ВАЛЕНТИНА ІВАНІВНА', 31);
INSERT INTO professor (professor_id, academic_degree, full_name, cathedra_cathedra_id) VALUES (91, 'старший викладач', ' ПОПОВ ВІКТОР ІВАНОВИЧ', 31);
INSERT INTO professor (professor_id, academic_degree, full_name, cathedra_cathedra_id) VALUES (101, 'доцент', ' ЧОРНА ГАЛИНА ІВАНІВНА', 41);
INSERT INTO professor (professor_id, academic_degree, full_name, cathedra_cathedra_id) VALUES (111, 'професор', ' МЕЛЬНИК ОКСАНА ІВАНІВНА', 41);
INSERT INTO professor (professor_id, academic_degree, full_name, cathedra_cathedra_id) VALUES (121, 'доцент', ' КОВАЛЕНКО МАРІЯ ІВАНІВНА', 41);
INSERT INTO professor (professor_id, academic_degree, full_name, cathedra_cathedra_id) VALUES (131, 'доктор філологічних наук', ' ШЕВЧУК КАТЕРИНА ІВАНІВНА', 41);
INSERT INTO professor (professor_id, academic_degree, full_name, cathedra_cathedra_id) VALUES (141, 'професор', ' СОРОКА ВАСИЛЬ ІВАНОВИЧ', 41);
INSERT INTO professor (professor_id, academic_degree, full_name, cathedra_cathedra_id) VALUES (151, 'професор', ' СИДОРЕНКО ОЛЕКСАНДР МИКОЛАЙОВИЧ', 51);
INSERT INTO professor (professor_id, academic_degree, full_name, cathedra_cathedra_id) VALUES (161, 'кандидат філологічних наук', ' БОНДАРЕНКО ВАЛЕНТИНА ІВАНІВНА', 51);
INSERT INTO professor (professor_id, academic_degree, full_name, cathedra_cathedra_id) VALUES (171, 'професор', ' КОВАЛЬЧУК ВАСИЛЬ ВОЛОДИМИРОВИЧ', 51);
INSERT INTO professor (professor_id, academic_degree, full_name, cathedra_cathedra_id) VALUES (181, 'доцент', ' САВЧЕНКО ВАСИЛЬ ВАСИЛЬОВИЧ', 51);
INSERT INTO professor (professor_id, academic_degree, full_name, cathedra_cathedra_id) VALUES (191, 'доцент', ' ЯКОВЕНКО МИКОЛА ІВАНОВИЧ', 51);
INSERT INTO professor (professor_id, academic_degree, full_name, cathedra_cathedra_id) VALUES (201, 'професор', ' БОЙКО ТЕТЯНА ПЕТРІВНА', 61);
INSERT INTO professor (professor_id, academic_degree, full_name, cathedra_cathedra_id) VALUES (211, 'кандидат філологічних наук', ' ТКАЧЕНКО ОЛЕКСАНДР ВІКТОРОВИЧ', 61);
INSERT INTO professor (professor_id, academic_degree, full_name, cathedra_cathedra_id) VALUES (221, 'старший викладач', ' ГРИЦЕНКО МАРІЯ ІВАНІВНА', 61);
INSERT INTO professor (professor_id, academic_degree, full_name, cathedra_cathedra_id) VALUES (231, 'професор', ' ІВАНОВ АНАТОЛІЙ МИКОЛАЙОВИЧ', 61);
INSERT INTO professor (professor_id, academic_degree, full_name, cathedra_cathedra_id) VALUES (241, 'професор', ' ПЕТРОВА ГАЛИНА ІВАНІВНА', 61);
INSERT INTO professor (professor_id, academic_degree, full_name, cathedra_cathedra_id) VALUES (251, 'старший викладач', ' ШВЕЦЬ НАТАЛІЯ ІВАНІВНА', 71);
INSERT INTO professor (professor_id, academic_degree, full_name, cathedra_cathedra_id) VALUES (261, 'доцент', ' ШЕВЧУК СВІТЛАНА МИКОЛАЇВНА', 71);
INSERT INTO professor (professor_id, academic_degree, full_name, cathedra_cathedra_id) VALUES (271, 'кандидат філологічних наук', ' ТАРАСЕНКО МИКОЛА ІВАНОВИЧ', 71);
INSERT INTO professor (professor_id, academic_degree, full_name, cathedra_cathedra_id) VALUES (281, 'старший викладач', ' БОДНАР ВАСИЛЬ ІВАНОВИЧ', 71);
INSERT INTO professor (professor_id, academic_degree, full_name, cathedra_cathedra_id) VALUES (291, 'старший викладач', ' ШЕВЧУК ВІКТОР ІВАНОВИЧ', 71);
INSERT INTO professor (professor_id, academic_degree, full_name, cathedra_cathedra_id) VALUES (301, 'професор', ' ШЕВЧЕНКО ГАННА ГРИГОРІВНА', 81);
INSERT INTO professor (professor_id, academic_degree, full_name, cathedra_cathedra_id) VALUES (311, 'старший викладач', ' ПЕТРЕНКО ВОЛОДИМИР ВАСИЛЬОВИЧ', 81);
INSERT INTO professor (professor_id, academic_degree, full_name, cathedra_cathedra_id) VALUES (321, 'кандидат філологічних наук', ' ВОВК ОЛЕКСАНДР ІВАНОВИЧ', 81);
INSERT INTO professor (professor_id, academic_degree, full_name, cathedra_cathedra_id) VALUES (331, 'професор', ' КОВАЛЕНКО СЕРГІЙ ГРИГОРОВИЧ', 81);
INSERT INTO professor (professor_id, academic_degree, full_name, cathedra_cathedra_id) VALUES (341, 'доктор філологічних наук', ' КОВАЛЬ МАРІЯ ПЕТРІВНА', 81);
INSERT INTO professor (professor_id, academic_degree, full_name, cathedra_cathedra_id) VALUES (351, 'професор', ' САВЧЕНКО МАРІЯ ВАСИЛІВНА', 91);
INSERT INTO professor (professor_id, academic_degree, full_name, cathedra_cathedra_id) VALUES (361, 'кандидат економічних наук', ' ТКАЧУК АНАТОЛІЙ ВАСИЛЬОВИЧ', 91);
INSERT INTO professor (professor_id, academic_degree, full_name, cathedra_cathedra_id) VALUES (371, 'старший викладач', ' ОЛІЙНИК ВАЛЕНТИНА МИКОЛАЇВНА', 91);
INSERT INTO professor (professor_id, academic_degree, full_name, cathedra_cathedra_id) VALUES (381, 'доктор економічних наук', ' ТКАЧЕНКО ТЕТЯНА ВАСИЛІВНА', 91);
INSERT INTO professor (professor_id, academic_degree, full_name, cathedra_cathedra_id) VALUES (391, 'професор', ' БОЙКО ОЛЕКСАНДР ОЛЕКСАНДРОВИЧ', 91);
INSERT INTO professor (professor_id, academic_degree, full_name, cathedra_cathedra_id) VALUES (401, 'доктор економічних наук', ' МЕЛЬНИК СВІТЛАНА ВОЛОДИМИРІВНА', 101);
INSERT INTO professor (professor_id, academic_degree, full_name, cathedra_cathedra_id) VALUES (411, 'доктор економічних наук', ' БОНДАР ГРИГОРІЙ ІВАНОВИЧ', 101);
INSERT INTO professor (professor_id, academic_degree, full_name, cathedra_cathedra_id) VALUES (421, 'кандидат економічних наук', ' МИХАЙЛЕНКО ВАСИЛЬ ІВАНОВИЧ', 101);
INSERT INTO professor (professor_id, academic_degree, full_name, cathedra_cathedra_id) VALUES (431, 'доцент', ' КОНОНЕНКО ВАЛЕНТИНА ІВАНІВНА', 101);
INSERT INTO professor (professor_id, academic_degree, full_name, cathedra_cathedra_id) VALUES (441, 'доктор економічних наук', ' КРАВЧЕНКО ВАЛЕНТИНА ВОЛОДИМИРІВНА', 101);
INSERT INTO professor (professor_id, academic_degree, full_name, cathedra_cathedra_id) VALUES (451, 'старший викладач', ' ШЕВЧЕНКО МАРІЯ ПЕТРІВНА', 111);
INSERT INTO professor (professor_id, academic_degree, full_name, cathedra_cathedra_id) VALUES (461, 'професор', ' КОВАЛЬЧУК МИХАЙЛО ІВАНОВИЧ', 111);
INSERT INTO professor (professor_id, academic_degree, full_name, cathedra_cathedra_id) VALUES (471, 'доцент', ' ОЛІЙНИК ВАСИЛЬ МИКОЛАЙОВИЧ', 111);
INSERT INTO professor (professor_id, academic_degree, full_name, cathedra_cathedra_id) VALUES (481, 'професор', ' РУДЕНКО ІВАН ПЕТРОВИЧ', 111);
INSERT INTO professor (professor_id, academic_degree, full_name, cathedra_cathedra_id) VALUES (491, 'професор', ' ПЕТРЕНКО ВАЛЕНТИНА МИКОЛАЇВНА', 111);
INSERT INTO professor (professor_id, academic_degree, full_name, cathedra_cathedra_id) VALUES (501, 'старший викладач', ' МЕЛЬНИК НАТАЛІЯ ВАСИЛІВНА', 121);
INSERT INTO professor (professor_id, academic_degree, full_name, cathedra_cathedra_id) VALUES (511, 'професор', ' ШЕВЧУК ВІКТОР ВОЛОДИМИРОВИЧ', 121);
INSERT INTO professor (professor_id, academic_degree, full_name, cathedra_cathedra_id) VALUES (521, 'старший викладач', ' СЕРЕДА ВОЛОДИМИР МИКОЛАЙОВИЧ', 121);
INSERT INTO professor (professor_id, academic_degree, full_name, cathedra_cathedra_id) VALUES (531, 'професор', ' КОВАЛЕНКО ТЕТЯНА ОЛЕКСАНДРІВНА', 121);
INSERT INTO professor (professor_id, academic_degree, full_name, cathedra_cathedra_id) VALUES (541, 'доктор технічних наук', ' КОВАЛЬ СЕРГІЙ ІВАНОВИЧ', 121);
INSERT INTO professor (professor_id, academic_degree, full_name, cathedra_cathedra_id) VALUES (551, 'доцент', ' КАРПЕНКО ВОЛОДИМИР ІВАНОВИЧ', 131);
INSERT INTO professor (professor_id, academic_degree, full_name, cathedra_cathedra_id) VALUES (561, 'доцент', ' ТКАЧУК АНАТОЛІЙ ВАСИЛЬОВИЧ', 131);
INSERT INTO professor (professor_id, academic_degree, full_name, cathedra_cathedra_id) VALUES (571, 'кандидат технічних наук', ' ТКАЧЕНКО ОЛЕКСАНДР ГРИГОРОВИЧ', 131);
INSERT INTO professor (professor_id, academic_degree, full_name, cathedra_cathedra_id) VALUES (581, 'кандидат технічних наук', ' ІЩЕНКО ВОЛОДИМИР ВАСИЛЬОВИЧ', 131);
INSERT INTO professor (professor_id, academic_degree, full_name, cathedra_cathedra_id) VALUES (591, 'старший викладач', ' ОЛІЙНИК ЛЮБОВ ІВАНІВНА', 131);
INSERT INTO professor (professor_id, academic_degree, full_name, cathedra_cathedra_id) VALUES (601, 'доцент', ' ОСТАПЕНКО ГАННА ІВАНІВНА', 141);
INSERT INTO professor (professor_id, academic_degree, full_name, cathedra_cathedra_id) VALUES (611, 'старший викладач', ' ОЛІЙНИК ГАЛИНА ВОЛОДИМИРІВНА', 141);
INSERT INTO professor (professor_id, academic_degree, full_name, cathedra_cathedra_id) VALUES (621, 'доктор фізико-математичних наук', ' ТЕРЕЩЕНКО ВАЛЕНТИНА ІВАНІВНА', 141);
INSERT INTO professor (professor_id, academic_degree, full_name, cathedra_cathedra_id) VALUES (631, 'професор', ' КРАВЕЦЬ ГАННА ВАСИЛІВНА', 141);
INSERT INTO professor (professor_id, academic_degree, full_name, cathedra_cathedra_id) VALUES (641, 'доцент', ' ВАСИЛЕНКО ТЕТЯНА ІВАНІВНА', 141);
INSERT INTO professor (professor_id, academic_degree, full_name, cathedra_cathedra_id) VALUES (651, 'професор', ' ОСТАПЕНКО МИКОЛА ІВАНОВИЧ', 151);
INSERT INTO professor (professor_id, academic_degree, full_name, cathedra_cathedra_id) VALUES (661, 'кандидат фізико-математичних наук', ' КОВАЛЬОВ АНАТОЛІЙ ІВАНОВИЧ', 151);
INSERT INTO professor (professor_id, academic_degree, full_name, cathedra_cathedra_id) VALUES (671, 'кандидат технічних наук', ' РОМАНЕНКО ВОЛОДИМИР ІВАНОВИЧ', 151);
INSERT INTO professor (professor_id, academic_degree, full_name, cathedra_cathedra_id) VALUES (681, 'кандидат економічних наук', ' МОРОЗ ВАСИЛЬ ДМИТРОВИЧ', 151);
INSERT INTO professor (professor_id, academic_degree, full_name, cathedra_cathedra_id) VALUES (691, 'доцент', ' ТКАЧ ІВАН ІВАНОВИЧ', 151);
INSERT INTO professor (professor_id, academic_degree, full_name, cathedra_cathedra_id) VALUES (701, 'старший викладач', ' КИРИЧЕНКО СЕРГІЙ МИКОЛАЙОВИЧ', 161);
INSERT INTO professor (professor_id, academic_degree, full_name, cathedra_cathedra_id) VALUES (711, 'професор', ' ВАСИЛЕНКО МАРІЯ ІВАНІВНА', 161);
INSERT INTO professor (professor_id, academic_degree, full_name, cathedra_cathedra_id) VALUES (721, 'професор', ' БОНДАРЕНКО ВАЛЕНТИНА ВАСИЛІВНА', 161);
INSERT INTO professor (professor_id, academic_degree, full_name, cathedra_cathedra_id) VALUES (731, 'старший викладач', ' БОНДАР ОЛЬГА ВАСИЛІВНА', 161);
INSERT INTO professor (professor_id, academic_degree, full_name, cathedra_cathedra_id) VALUES (741, 'професор', ' ШЕВЧЕНКО СВІТЛАНА ІВАНІВНА', 161);
INSERT INTO professor (professor_id, academic_degree, full_name, cathedra_cathedra_id) VALUES (751, 'професор', ' БОЙКО ІВАН ІВАНОВИЧ', 171);
INSERT INTO professor (professor_id, academic_degree, full_name, cathedra_cathedra_id) VALUES (761, 'професор', ' БІЛОУС ВОЛОДИМИР ВАСИЛЬОВИЧ', 171);
INSERT INTO professor (professor_id, academic_degree, full_name, cathedra_cathedra_id) VALUES (771, 'професор', ' ГОНЧАРЕНКО ТЕТЯНА ІВАНІВНА', 171);
INSERT INTO professor (professor_id, academic_degree, full_name, cathedra_cathedra_id) VALUES (781, 'кандидат юридичних наук', ' КРАВЧЕНКО ЛІДІЯ ВАСИЛІВНА', 171);
INSERT INTO professor (professor_id, academic_degree, full_name, cathedra_cathedra_id) VALUES (791, 'кандидат юридичних наук', ' КОСТЕНКО КАТЕРИНА ІВАНІВНА', 171);
INSERT INTO professor (professor_id, academic_degree, full_name, cathedra_cathedra_id) VALUES (801, 'кандидат юридичних наук', ' ТКАЧЕНКО СЕРГІЙ ІВАНОВИЧ', 181);
INSERT INTO professor (professor_id, academic_degree, full_name, cathedra_cathedra_id) VALUES (811, 'професор', ' ТКАЧЕНКО ЛЮБОВ МИКОЛАЇВНА', 181);
INSERT INTO professor (professor_id, academic_degree, full_name, cathedra_cathedra_id) VALUES (821, 'доктор юридичних наук', ' САВЧУК ВАСИЛЬ МИКОЛАЙОВИЧ', 181);
INSERT INTO professor (professor_id, academic_degree, full_name, cathedra_cathedra_id) VALUES (831, 'професор', ' РУДЕНКО ВОЛОДИМИР МИКОЛАЙОВИЧ', 181);
INSERT INTO professor (professor_id, academic_degree, full_name, cathedra_cathedra_id) VALUES (841, 'кандидат юридичних наук', ' КУШНІР ОЛЬГА ІВАНІВНА', 181);
INSERT INTO professor (professor_id, academic_degree, full_name, cathedra_cathedra_id) VALUES (851, 'старший викладач', ' СТЕПАНЕНКО ВАЛЕНТИНА ІВАНІВНА', 191);
INSERT INTO professor (professor_id, academic_degree, full_name, cathedra_cathedra_id) VALUES (861, 'професор', ' ГОЛУБ ВОЛОДИМИР МИКОЛАЙОВИЧ', 191);
INSERT INTO professor (professor_id, academic_degree, full_name, cathedra_cathedra_id) VALUES (871, 'професор', ' БОЙКО ВАЛЕНТИНА ВОЛОДИМИРІВНА', 191);
INSERT INTO professor (professor_id, academic_degree, full_name, cathedra_cathedra_id) VALUES (881, 'старший викладач', ' ОЛІЙНИК ГАННА МИХАЙЛІВНА', 191);
INSERT INTO professor (professor_id, academic_degree, full_name, cathedra_cathedra_id) VALUES (891, 'доктор юридичних наук', ' КОРНІЄНКО ЛЮБОВ ІВАНІВНА', 191);
INSERT INTO professor (professor_id, academic_degree, full_name, cathedra_cathedra_id) VALUES (901, 'кандидат філософських наук', ' ІВАНОВА ЛЮДМИЛА ВАСИЛІВНА', 261);
INSERT INTO professor (professor_id, academic_degree, full_name, cathedra_cathedra_id) VALUES (911, 'старший викладач', ' НІЖИНСЬКА МІСЬКА РАДА', 261);
INSERT INTO professor (professor_id, academic_degree, full_name, cathedra_cathedra_id) VALUES (921, 'доцент', ' КРАВЧЕНКО ВАСИЛЬ ВАСИЛЬОВИЧ', 261);
INSERT INTO professor (professor_id, academic_degree, full_name, cathedra_cathedra_id) VALUES (931, 'професор', ' МЕЛЬНИК ВАСИЛЬ СТЕПАНОВИЧ', 261);
INSERT INTO professor (professor_id, academic_degree, full_name, cathedra_cathedra_id) VALUES (941, 'доцент', ' БОНДАР АНАТОЛІЙ ІВАНОВИЧ', 261);
INSERT INTO professor (professor_id, academic_degree, full_name, cathedra_cathedra_id) VALUES (951, 'кандидат філософських наук', ' ХАРЧЕНКО ВАЛЕНТИНА ВАСИЛІВНА', 271);
INSERT INTO professor (professor_id, academic_degree, full_name, cathedra_cathedra_id) VALUES (961, 'професор', ' ШАПОВАЛ ОЛЕКСАНДР МИКОЛАЙОВИЧ', 271);
INSERT INTO professor (professor_id, academic_degree, full_name, cathedra_cathedra_id) VALUES (971, 'старший викладач', ' ТКАЧ МИХАЙЛО ІВАНОВИЧ', 271);
INSERT INTO professor (professor_id, academic_degree, full_name, cathedra_cathedra_id) VALUES (981, 'кандидат філософських наук', ' ОЛІЙНИК ЛЮДМИЛА МИКОЛАЇВНА', 271);
INSERT INTO professor (professor_id, academic_degree, full_name, cathedra_cathedra_id) VALUES (991, 'професор', ' ГРИЦЕНКО МАРІЯ ІВАНІВНА', 271);
INSERT INTO professor (professor_id, academic_degree, full_name, cathedra_cathedra_id) VALUES (1001, 'старший викладач', ' ПОПОВИЧ МИКОЛА ІВАНОВИЧ', 281);
INSERT INTO professor (professor_id, academic_degree, full_name, cathedra_cathedra_id) VALUES (1011, 'професор', ' КОНОНЕНКО ВАЛЕНТИНА МИКОЛАЇВНА', 281);
INSERT INTO professor (professor_id, academic_degree, full_name, cathedra_cathedra_id) VALUES (1021, 'доктор філософських наук', ' САВЧЕНКО ВОЛОДИМИР МИКОЛАЙОВИЧ', 281);
INSERT INTO professor (professor_id, academic_degree, full_name, cathedra_cathedra_id) VALUES (1031, 'старший викладач', ' БОЙКО ОЛЬГА ОЛЕКСАНДРІВНА', 281);
INSERT INTO professor (professor_id, academic_degree, full_name, cathedra_cathedra_id) VALUES (1041, 'старший викладач', ' ВАСИЛЕНКО ОЛЕКСАНДР ВОЛОДИМИРОВИЧ', 281);
INSERT INTO professor (professor_id, academic_degree, full_name, cathedra_cathedra_id) VALUES (1051, 'кандидат філософських наук', ' КОРНІЄНКО МАРІЯ ІВАНІВНА', 291);
INSERT INTO professor (professor_id, academic_degree, full_name, cathedra_cathedra_id) VALUES (1061, 'доцент', ' САЄНКО МИКОЛА ІВАНОВИЧ', 291);
INSERT INTO professor (professor_id, academic_degree, full_name, cathedra_cathedra_id) VALUES (1071, 'доцент', ' ОЛІЙНИК КАТЕРИНА ІВАНІВНА', 291);
INSERT INTO professor (professor_id, academic_degree, full_name, cathedra_cathedra_id) VALUES (1081, 'професор', ' МАЗУР МАРІЯ МИХАЙЛІВНА', 291);
INSERT INTO professor (professor_id, academic_degree, full_name, cathedra_cathedra_id) VALUES (1091, 'кандидат філософських наук', ' ІВАНОВА ЛЮДМИЛА МИКОЛАЇВНА', 291);
INSERT INTO professor (professor_id, academic_degree, full_name, cathedra_cathedra_id) VALUES (1101, 'професор', ' СЕМЕНЮК ВАСИЛЬ ІВАНОВИЧ', 201);
INSERT INTO professor (professor_id, academic_degree, full_name, cathedra_cathedra_id) VALUES (1111, 'доцент', ' СЕРДЮК ВАЛЕНТИНА ІВАНІВНА', 201);
INSERT INTO professor (professor_id, academic_degree, full_name, cathedra_cathedra_id) VALUES (1121, 'кандидат природничих наук', ' СЕМЕНЮК ВАСИЛЬ ІВАНОВИЧ', 201);
INSERT INTO professor (professor_id, academic_degree, full_name, cathedra_cathedra_id) VALUES (1131, 'професор', ' ШЕВЧЕНКО МАРІЯ АНДРІЇВНА', 201);
INSERT INTO professor (professor_id, academic_degree, full_name, cathedra_cathedra_id) VALUES (1141, 'професор', ' КЛИМЕНКО ВОЛОДИМИР ІВАНОВИЧ', 201);
INSERT INTO professor (professor_id, academic_degree, full_name, cathedra_cathedra_id) VALUES (1151, 'доктор природничих наук', ' КАРПЕНКО ВАЛЕНТИНА ВАСИЛІВНА', 211);
INSERT INTO professor (professor_id, academic_degree, full_name, cathedra_cathedra_id) VALUES (1161, 'доктор природничих наук', ' ШАПОВАЛОВА ВАЛЕНТИНА ІВАНІВНА', 211);
INSERT INTO professor (professor_id, academic_degree, full_name, cathedra_cathedra_id) VALUES (1171, 'професор', ' ЛИСЕНКО ОЛЕКСАНДР МИКОЛАЙОВИЧ', 211);
INSERT INTO professor (professor_id, academic_degree, full_name, cathedra_cathedra_id) VALUES (1181, 'доцент', ' ОНИЩЕНКО ВОЛОДИМИР ІВАНОВИЧ', 211);
INSERT INTO professor (professor_id, academic_degree, full_name, cathedra_cathedra_id) VALUES (1191, 'професор', ' ЛИСЕНКО ВІКТОР ВАСИЛЬОВИЧ', 211);
INSERT INTO professor (professor_id, academic_degree, full_name, cathedra_cathedra_id) VALUES (1201, 'старший викладач', ' КОЛОМІЄЦЬ ТЕТЯНА МИКОЛАЇВНА', 221);
INSERT INTO professor (professor_id, academic_degree, full_name, cathedra_cathedra_id) VALUES (1211, 'доцент', ' МЕЛЬНИК ЛЮБОВ ГРИГОРІВНА', 221);
INSERT INTO professor (professor_id, academic_degree, full_name, cathedra_cathedra_id) VALUES (1221, 'доктор природничих наук', ' КОВАЛЕНКО ОЛЕНА ВАСИЛІВНА', 221);
INSERT INTO professor (professor_id, academic_degree, full_name, cathedra_cathedra_id) VALUES (1231, 'доктор природничих наук', ' ВОВК ОЛЬГА МИКОЛАЇВНА', 221);
INSERT INTO professor (professor_id, academic_degree, full_name, cathedra_cathedra_id) VALUES (1241, 'доктор природничих наук', ' МЕЛЬНИК МИКОЛА ГРИГОРОВИЧ', 221);
INSERT INTO professor (professor_id, academic_degree, full_name, cathedra_cathedra_id) VALUES (1251, 'кандидат природничих наук', ' КОЛІСНИК ОЛЕКСАНДР МИКОЛАЙОВИЧ', 231);
INSERT INTO professor (professor_id, academic_degree, full_name, cathedra_cathedra_id) VALUES (1261, 'доктор природничих наук', ' ГОНЧАРОВ ВІКТОР ІВАНОВИЧ', 231);
INSERT INTO professor (professor_id, academic_degree, full_name, cathedra_cathedra_id) VALUES (1271, 'кандидат природничих наук', ' ШЕВЧУК МИХАЙЛО ІВАНОВИЧ', 231);
INSERT INTO professor (professor_id, academic_degree, full_name, cathedra_cathedra_id) VALUES (1281, 'кандидат природничих наук', ' САВЧУК ІВАН ВАСИЛЬОВИЧ', 231);
INSERT INTO professor (professor_id, academic_degree, full_name, cathedra_cathedra_id) VALUES (1291, 'кандидат природничих наук', ' ГОНЧАРЕНКО ВАЛЕНТИНА ІВАНІВНА', 231);
INSERT INTO professor (professor_id, academic_degree, full_name, cathedra_cathedra_id) VALUES (1301, 'доктор природничих наук', ' КОВТУН ТЕТЯНА ІВАНІВНА', 241);
INSERT INTO professor (professor_id, academic_degree, full_name, cathedra_cathedra_id) VALUES (1311, 'доцент', ' САВЧЕНКО МИКОЛА ГРИГОРОВИЧ', 241);
INSERT INTO professor (professor_id, academic_degree, full_name, cathedra_cathedra_id) VALUES (1321, 'доктор природничих наук', ' ТКАЧЕНКО МИХАЙЛО ІВАНОВИЧ', 241);
INSERT INTO professor (professor_id, academic_degree, full_name, cathedra_cathedra_id) VALUES (1331, 'доктор природничих наук', ' КАРПЕНКО ВАЛЕНТИНА МИКОЛАЇВНА', 241);
INSERT INTO professor (professor_id, academic_degree, full_name, cathedra_cathedra_id) VALUES (1341, 'доцент', ' МЕЛЬНИК ТЕТЯНА МИХАЙЛІВНА', 241);
INSERT INTO professor (professor_id, academic_degree, full_name, cathedra_cathedra_id) VALUES (1351, 'доктор природничих наук', ' КОВАЛЕНКО ЛЮДМИЛА ВАСИЛІВНА', 251);
INSERT INTO professor (professor_id, academic_degree, full_name, cathedra_cathedra_id) VALUES (1361, 'доцент', ' ПОЛІЩУК АНАТОЛІЙ МИКОЛАЙОВИЧ', 251);
INSERT INTO professor (professor_id, academic_degree, full_name, cathedra_cathedra_id) VALUES (1371, 'доцент', ' ШЕВЧЕНКО ВОЛОДИМИР ГРИГОРОВИЧ', 251);
INSERT INTO professor (professor_id, academic_degree, full_name, cathedra_cathedra_id) VALUES (1381, 'професор', ' ІВАНОВА ТЕТЯНА ВОЛОДИМИРІВНА', 251);
INSERT INTO professor (professor_id, academic_degree, full_name, cathedra_cathedra_id) VALUES (1391, 'кандидат природничих наук', ' КОСТЮК ОЛЬГА ІВАНІВНА', 251);INSERT INTO room (room_id, name) VALUES (1, 'Test room');
INSERT INTO room (room_id, name) VALUES (11, 'Test room');
INSERT INTO room (room_id, name) VALUES (21, 'Test room');
INSERT INTO room (room_id, name) VALUES (31, 'Test room');
INSERT INTO room (room_id, name) VALUES (41, 'Test room');
INSERT INTO room (room_id, name) VALUES (51, 'Test room');
INSERT INTO room (room_id, name) VALUES (61, 'Test room');
INSERT INTO room (room_id, name) VALUES (71, 'Test room');
INSERT INTO room (room_id, name) VALUES (81, '1-101');
INSERT INTO room (room_id, name) VALUES (91, '1-102');
INSERT INTO room (room_id, name) VALUES (101, '1-103');
INSERT INTO room (room_id, name) VALUES (111, '1-104');
INSERT INTO room (room_id, name) VALUES (121, '1-105');
INSERT INTO room (room_id, name) VALUES (131, '2-101');
INSERT INTO room (room_id, name) VALUES (141, '2-102');
INSERT INTO room (room_id, name) VALUES (151, '2-103');
INSERT INTO room (room_id, name) VALUES (161, '2-104');
INSERT INTO room (room_id, name) VALUES (171, '2-105');
INSERT INTO room (room_id, name) VALUES (181, '3-101');
INSERT INTO room (room_id, name) VALUES (191, '3-102');
INSERT INTO room (room_id, name) VALUES (201, '3-103');
INSERT INTO room (room_id, name) VALUES (211, '3-104');
INSERT INTO room (room_id, name) VALUES (221, '3-105');
INSERT INTO room (room_id, name) VALUES (231, '4-101');
INSERT INTO room (room_id, name) VALUES (241, '4-102');
INSERT INTO room (room_id, name) VALUES (251, '4-103');
INSERT INTO room (room_id, name) VALUES (261, '4-104');
INSERT INTO room (room_id, name) VALUES (271, '4-105');
INSERT INTO room (room_id, name) VALUES (281, '5-101');
INSERT INTO room (room_id, name) VALUES (291, '5-102');
INSERT INTO room (room_id, name) VALUES (301, '5-103');
INSERT INTO room (room_id, name) VALUES (311, '5-104');
INSERT INTO room (room_id, name) VALUES (321, '5-105');INSERT INTO student (student_id, fullName, group_group_id) VALUES (1, ' ВОВК ІВАН ІВАНОВИЧ', 11);
INSERT INTO student (student_id, fullName, group_group_id) VALUES (11, ' ПАВЛЮК МАРІЯ МИХАЙЛІВНА', 11);
INSERT INTO student (student_id, fullName, group_group_id) VALUES (21, ' КРАВЧЕНКО ОЛЕКСАНДР ІВАНОВИЧ', 11);
INSERT INTO student (student_id, fullName, group_group_id) VALUES (31, ' БОЙКО МИХАЙЛО МИХАЙЛОВИЧ', 11);
INSERT INTO student (student_id, fullName, group_group_id) VALUES (41, ' БІЛЕЦЬКА МАРІЯ ІВАНІВНА', 11);
INSERT INTO student (student_id, fullName, group_group_id) VALUES (51, ' ХОМЕНКО ТЕТЯНА МИКОЛАЇВНА', 11);
INSERT INTO student (student_id, fullName, group_group_id) VALUES (61, ' КОВАЛЬ ВОЛОДИМИР ГРИГОРОВИЧ', 11);
INSERT INTO student (student_id, fullName, group_group_id) VALUES (71, ' КОВАЛЬ ЛЮДМИЛА ВАСИЛІВНА', 11);
INSERT INTO student (student_id, fullName, group_group_id) VALUES (81, ' МАРТИНЕНКО МИКОЛА ІВАНОВИЧ', 11);
INSERT INTO student (student_id, fullName, group_group_id) VALUES (91, ' КРАВЧЕНКО ВІКТОР ВАСИЛЬОВИЧ', 11);
INSERT INTO student (student_id, fullName, group_group_id) VALUES (101, ' КОВАЛЕНКО ГАННА ФЕДОРІВНА', 11);
INSERT INTO student (student_id, fullName, group_group_id) VALUES (111, ' ПАЛАМАРЧУК МАРІЯ ІВАНІВНА', 11);
INSERT INTO student (student_id, fullName, group_group_id) VALUES (121, ' ШЕВЧЕНКО ВІКТОР ІВАНОВИЧ', 11);
INSERT INTO student (student_id, fullName, group_group_id) VALUES (131, ' ЛИТВИНЕНКО ВОЛОДИМИР ГРИГОРОВИЧ', 11);
INSERT INTO student (student_id, fullName, group_group_id) VALUES (141, ' ГОЛУБ ВОЛОДИМИР МИКОЛАЙОВИЧ', 11);
INSERT INTO student (student_id, fullName, group_group_id) VALUES (151, ' САВЧУК ЛЮДМИЛА ВАСИЛІВНА', 11);
INSERT INTO student (student_id, fullName, group_group_id) VALUES (161, ' БОНДАРЕНКО ГАЛИНА ВАСИЛІВНА', 11);
INSERT INTO student (student_id, fullName, group_group_id) VALUES (171, ' МОРОЗ ІВАН ВАСИЛЬОВИЧ', 11);
INSERT INTO student (student_id, fullName, group_group_id) VALUES (181, ' ПРИХОДЬКО ОЛЕКСАНДР ІВАНОВИЧ', 11);
INSERT INTO student (student_id, fullName, group_group_id) VALUES (191, ' РОМАНЮК ГАННА ІВАНІВНА', 11);
INSERT INTO student (student_id, fullName, group_group_id) VALUES (201, ' ІВАНОВА ВАЛЕНТИНА МИХАЙЛІВНА', 21);
INSERT INTO student (student_id, fullName, group_group_id) VALUES (211, ' ПЕТРОВА МАРІЯ ПЕТРІВНА', 21);
INSERT INTO student (student_id, fullName, group_group_id) VALUES (221, ' ДЯЧЕНКО НІНА ІВАНІВНА', 21);
INSERT INTO student (student_id, fullName, group_group_id) VALUES (231, ' ФЕДОРЕНКО ГАННА ІВАНІВНА', 21);
INSERT INTO student (student_id, fullName, group_group_id) VALUES (241, ' РОМАНЕНКО ГАННА ІВАНІВНА', 21);
INSERT INTO student (student_id, fullName, group_group_id) VALUES (251, ' ГОНЧАРЕНКО ВАСИЛЬ ІВАНОВИЧ', 21);
INSERT INTO student (student_id, fullName, group_group_id) VALUES (261, ' САВЧЕНКО ВАСИЛЬ ІВАНОВИЧ', 21);
INSERT INTO student (student_id, fullName, group_group_id) VALUES (271, ' КОСТЮК МИКОЛА ВАСИЛЬОВИЧ', 21);
INSERT INTO student (student_id, fullName, group_group_id) VALUES (281, ' МОРОЗ ЛЮБОВ ІВАНІВНА', 21);
INSERT INTO student (student_id, fullName, group_group_id) VALUES (291, ' КОВАЛЬЧУК ВАЛЕНТИНА МИКОЛАЇВНА', 21);
INSERT INTO student (student_id, fullName, group_group_id) VALUES (301, ' ШЕВЧЕНКО ГАННА ФЕДОРІВНА', 21);
INSERT INTO student (student_id, fullName, group_group_id) VALUES (311, ' БОНДАРЧУК НАДІЯ ІВАНІВНА', 21);
INSERT INTO student (student_id, fullName, group_group_id) VALUES (321, ' СИДОРЕНКО НАДІЯ ІВАНІВНА', 21);
INSERT INTO student (student_id, fullName, group_group_id) VALUES (331, ' МОРОЗ МИКОЛА ОЛЕКСАНДРОВИЧ', 21);
INSERT INTO student (student_id, fullName, group_group_id) VALUES (341, ' ПРОКОПЕНКО ГАННА ІВАНІВНА', 21);
INSERT INTO student (student_id, fullName, group_group_id) VALUES (351, ' НАЗАРЕНКО МАРІЯ ІВАНІВНА', 21);
INSERT INTO student (student_id, fullName, group_group_id) VALUES (361, ' ІВАНОВА МАРІЯ МИКОЛАЇВНА', 21);
INSERT INTO student (student_id, fullName, group_group_id) VALUES (371, ' КЛИМЕНКО МАРІЯ ІВАНІВНА', 21);
INSERT INTO student (student_id, fullName, group_group_id) VALUES (381, ' ТАРАН МИКОЛА ІВАНОВИЧ', 21);
INSERT INTO student (student_id, fullName, group_group_id) VALUES (391, ' МЕЛЬНИК АНАТОЛІЙ ПЕТРОВИЧ', 21);
INSERT INTO student (student_id, fullName, group_group_id) VALUES (401, ' КОСТЕНКО ТЕТЯНА ІВАНІВНА', 31);
INSERT INTO student (student_id, fullName, group_group_id) VALUES (411, ' ТИЩЕНКО ОЛЕКСАНДР ІВАНОВИЧ', 31);
INSERT INTO student (student_id, fullName, group_group_id) VALUES (421, ' КОВАЛЬОВ МИКОЛА ВАСИЛЬОВИЧ', 31);
INSERT INTO student (student_id, fullName, group_group_id) VALUES (431, ' ІВАНОВ СЕРГІЙ МИКОЛАЙОВИЧ', 31);
INSERT INTO student (student_id, fullName, group_group_id) VALUES (441, ' ДЕНИСЕНКО ВОЛОДИМИР ІВАНОВИЧ', 31);
INSERT INTO student (student_id, fullName, group_group_id) VALUES (451, ' ТКАЧЕНКО ГАННА ІВАНІВНА', 31);
INSERT INTO student (student_id, fullName, group_group_id) VALUES (461, ' КОВАЛЕНКО ЛЮДМИЛА ВАСИЛІВНА', 31);
INSERT INTO student (student_id, fullName, group_group_id) VALUES (471, ' КУШНІР ГАЛИНА ВАСИЛІВНА', 31);
INSERT INTO student (student_id, fullName, group_group_id) VALUES (481, ' КОВАЛЬОВА ГАЛИНА ІВАНІВНА', 31);
INSERT INTO student (student_id, fullName, group_group_id) VALUES (491, ' ПАВЛЕНКО МАРІЯ ІВАНІВНА', 31);
INSERT INTO student (student_id, fullName, group_group_id) VALUES (501, ' ПОПОВ СЕРГІЙ МИКОЛАЙОВИЧ', 31);
INSERT INTO student (student_id, fullName, group_group_id) VALUES (511, ' ШЕВЧЕНКО ОЛЕКСАНДР МИКОЛАЙОВИЧ', 31);
INSERT INTO student (student_id, fullName, group_group_id) VALUES (521, ' ТКАЧЕНКО ВАЛЕНТИНА ГРИГОРІВНА', 31);
INSERT INTO student (student_id, fullName, group_group_id) VALUES (531, ' МАКАРЕНКО ВОЛОДИМИР ІВАНОВИЧ', 31);
INSERT INTO student (student_id, fullName, group_group_id) VALUES (541, ' МЕЛЬНИК ЛЮДМИЛА ВОЛОДИМИРІВНА', 31);
INSERT INTO student (student_id, fullName, group_group_id) VALUES (551, ' БОНДАРЕНКО ВОЛОДИМИР АНАТОЛІЙОВИЧ', 31);
INSERT INTO student (student_id, fullName, group_group_id) VALUES (561, ' КОВАЛЬЧУК ВОЛОДИМИР МИКОЛАЙОВИЧ', 31);
INSERT INTO student (student_id, fullName, group_group_id) VALUES (571, ' КРАВЧЕНКО ЛЮБОВ ІВАНІВНА', 31);
INSERT INTO student (student_id, fullName, group_group_id) VALUES (581, ' МЕЛЬНИК ОЛЕГ МИКОЛАЙОВИЧ', 31);
INSERT INTO student (student_id, fullName, group_group_id) VALUES (591, ' КОВАЛЬ ЛІДІЯ ІВАНІВНА', 31);
INSERT INTO student (student_id, fullName, group_group_id) VALUES (601, ' САВЧУК МАРІЯ МИХАЙЛІВНА', 41);
INSERT INTO student (student_id, fullName, group_group_id) VALUES (611, ' ПОЛІЩУК ЛЮДМИЛА ІВАНІВНА', 41);
INSERT INTO student (student_id, fullName, group_group_id) VALUES (621, ' САВЧЕНКО ТЕТЯНА ВОЛОДИМИРІВНА', 41);
INSERT INTO student (student_id, fullName, group_group_id) VALUES (631, ' КОРНІЄНКО МАРІЯ ІВАНІВНА', 41);
INSERT INTO student (student_id, fullName, group_group_id) VALUES (641, ' МОРОЗ ГАННА МИКОЛАЇВНА', 41);
INSERT INTO student (student_id, fullName, group_group_id) VALUES (651, ' ГОНЧАРЕНКО ВАСИЛЬ ІВАНОВИЧ', 41);
INSERT INTO student (student_id, fullName, group_group_id) VALUES (661, ' САВЧЕНКО ОЛЕКСАНДР ВАСИЛЬОВИЧ', 41);
INSERT INTO student (student_id, fullName, group_group_id) VALUES (671, ' ЛИТВИНЕНКО МИКОЛА ГРИГОРОВИЧ', 41);
INSERT INTO student (student_id, fullName, group_group_id) VALUES (681, ' ВАСИЛЕНКО МИКОЛА ВАСИЛЬОВИЧ', 41);
INSERT INTO student (student_id, fullName, group_group_id) VALUES (691, ' ШЕВЧЕНКО ЛЮДМИЛА ІВАНІВНА', 41);
INSERT INTO student (student_id, fullName, group_group_id) VALUES (701, ' ДУДКА МИКОЛА ІВАНОВИЧ', 41);
INSERT INTO student (student_id, fullName, group_group_id) VALUES (711, ' ПАВЛЮК МАРІЯ ПЕТРІВНА', 41);
INSERT INTO student (student_id, fullName, group_group_id) VALUES (721, ' ТКАЧУК НАДІЯ ІВАНІВНА', 41);
INSERT INTO student (student_id, fullName, group_group_id) VALUES (731, ' ТКАЧУК СЕРГІЙ МИКОЛАЙОВИЧ', 41);
INSERT INTO student (student_id, fullName, group_group_id) VALUES (741, ' МЕЛЬНИК НАДІЯ ПЕТРІВНА', 41);
INSERT INTO student (student_id, fullName, group_group_id) VALUES (751, ' БОНДАРЕНКО ВОЛОДИМИР АНАТОЛІЙОВИЧ', 41);
INSERT INTO student (student_id, fullName, group_group_id) VALUES (761, ' БОДНАР ВАСИЛЬ ВАСИЛЬОВИЧ', 41);
INSERT INTO student (student_id, fullName, group_group_id) VALUES (771, ' ЛИТВИН МИКОЛА ІВАНОВИЧ', 41);
INSERT INTO student (student_id, fullName, group_group_id) VALUES (781, ' БАБИЧ ГАННА ІВАНІВНА', 41);
INSERT INTO student (student_id, fullName, group_group_id) VALUES (791, ' САВЧЕНКО ОЛЬГА ІВАНІВНА', 41);
INSERT INTO student (student_id, fullName, group_group_id) VALUES (801, ' БОНДАРЕНКО ГАЛИНА ІВАНІВНА', 51);
INSERT INTO student (student_id, fullName, group_group_id) VALUES (811, ' ПАВЛЮК ОЛЕКСАНДР ІВАНОВИЧ', 51);
INSERT INTO student (student_id, fullName, group_group_id) VALUES (821, ' ЧОРНА ТЕТЯНА МИКОЛАЇВНА', 51);
INSERT INTO student (student_id, fullName, group_group_id) VALUES (831, ' РУДЕНКО НАДІЯ ІВАНІВНА', 51);
INSERT INTO student (student_id, fullName, group_group_id) VALUES (841, ' ОНИЩЕНКО ОЛЕКСАНДР ІВАНОВИЧ', 51);
INSERT INTO student (student_id, fullName, group_group_id) VALUES (851, ' ДЕНИСЕНКО ОЛЕКСАНДР МИКОЛАЙОВИЧ', 51);
INSERT INTO student (student_id, fullName, group_group_id) VALUES (861, ' ШЕВЧЕНКО ВАЛЕНТИНА ПЕТРІВНА', 51);
INSERT INTO student (student_id, fullName, group_group_id) VALUES (871, ' КОЗАК ВАСИЛЬ ВАСИЛЬОВИЧ', 51);
INSERT INTO student (student_id, fullName, group_group_id) VALUES (881, ' ЮРЧЕНКО МИКОЛА ІВАНОВИЧ', 51);
INSERT INTO student (student_id, fullName, group_group_id) VALUES (891, ' МЕЛЬНИК НАТАЛІЯ ВОЛОДИМИРІВНА', 51);
INSERT INTO student (student_id, fullName, group_group_id) VALUES (901, ' БОЙКО ОКСАНА МИКОЛАЇВНА', 51);
INSERT INTO student (student_id, fullName, group_group_id) VALUES (911, ' РУДЕНКО МИКОЛА ВАСИЛЬОВИЧ', 51);
INSERT INTO student (student_id, fullName, group_group_id) VALUES (921, ' ПАВЛЕНКО МИКОЛА ІВАНОВИЧ', 51);
INSERT INTO student (student_id, fullName, group_group_id) VALUES (931, ' СИДОРЕНКО НІНА ІВАНІВНА', 51);
INSERT INTO student (student_id, fullName, group_group_id) VALUES (941, ' ІВАНОВ ОЛЕКСАНДР ВОЛОДИМИРОВИЧ', 51);
INSERT INTO student (student_id, fullName, group_group_id) VALUES (951, ' КАРПЕНКО ОЛЕКСАНДР ІВАНОВИЧ', 51);
INSERT INTO student (student_id, fullName, group_group_id) VALUES (961, ' МІЩЕНКО ОЛЕКСАНДР ІВАНОВИЧ', 51);
INSERT INTO student (student_id, fullName, group_group_id) VALUES (971, ' БОЙКО МАРІЯ МИХАЙЛІВНА', 51);
INSERT INTO student (student_id, fullName, group_group_id) VALUES (981, ' ТКАЧЕНКО ОЛЬГА МИКОЛАЇВНА', 51);
INSERT INTO student (student_id, fullName, group_group_id) VALUES (991, ' ШЕВЧЕНКО ГАННА ВАСИЛІВНА', 51);
INSERT INTO student (student_id, fullName, group_group_id) VALUES (1001, ' ШВЕЦЬ ГАННА МИХАЙЛІВНА', 61);
INSERT INTO student (student_id, fullName, group_group_id) VALUES (1011, ' ШЕВЧУК ВОЛОДИМИР ІВАНОВИЧ', 61);
INSERT INTO student (student_id, fullName, group_group_id) VALUES (1021, ' ГОЛУБ ОЛЬГА ІВАНІВНА', 61);
INSERT INTO student (student_id, fullName, group_group_id) VALUES (1031, ' КАРПЕНКО МИКОЛА ІВАНОВИЧ', 61);
INSERT INTO student (student_id, fullName, group_group_id) VALUES (1041, ' КРАВЧЕНКО ВІРА ІВАНІВНА', 61);
INSERT INTO student (student_id, fullName, group_group_id) VALUES (1051, ' МАРТИНЮК МАРІЯ ІВАНІВНА', 61);
INSERT INTO student (student_id, fullName, group_group_id) VALUES (1061, ' ГОНЧАРУК НАДІЯ ІВАНІВНА', 61);
INSERT INTO student (student_id, fullName, group_group_id) VALUES (1071, ' КОВАЛЕНКО ОЛЬГА ГРИГОРІВНА', 61);
INSERT INTO student (student_id, fullName, group_group_id) VALUES (1081, ' ПАВЛЕНКО СЕРГІЙ ІВАНОВИЧ', 61);
INSERT INTO student (student_id, fullName, group_group_id) VALUES (1091, ' КОВАЛЬЧУК ВАЛЕНТИНА ВАСИЛІВНА', 61);
INSERT INTO student (student_id, fullName, group_group_id) VALUES (1101, ' СИДОРЕНКО НАДІЯ ІВАНІВНА', 61);
INSERT INTO student (student_id, fullName, group_group_id) VALUES (1111, ' ШЕВЧЕНКО НАДІЯ ІВАНІВНА', 61);
INSERT INTO student (student_id, fullName, group_group_id) VALUES (1121, ' БОДНАР ГАННА МИХАЙЛІВНА', 61);
INSERT INTO student (student_id, fullName, group_group_id) VALUES (1131, ' БОНДАРЕНКО НІНА МИКОЛАЇВНА', 61);
INSERT INTO student (student_id, fullName, group_group_id) VALUES (1141, ' МАРЧЕНКО ПЕТРО ІВАНОВИЧ', 61);
INSERT INTO student (student_id, fullName, group_group_id) VALUES (1151, ' РУДЕНКО СЕРГІЙ МИКОЛАЙОВИЧ', 61);
INSERT INTO student (student_id, fullName, group_group_id) VALUES (1161, ' КРАВЧЕНКО ОЛЕНА МИКОЛАЇВНА', 61);
INSERT INTO student (student_id, fullName, group_group_id) VALUES (1171, ' КОВАЛЕНКО ОЛЕКСАНДР ВІКТОРОВИЧ', 61);
INSERT INTO student (student_id, fullName, group_group_id) VALUES (1181, ' ФЕДОРЕНКО ВАЛЕНТИНА МИКОЛАЇВНА', 61);
INSERT INTO student (student_id, fullName, group_group_id) VALUES (1191, ' КУШНІР ВАСИЛЬ МИКОЛАЙОВИЧ', 61);
INSERT INTO student (student_id, fullName, group_group_id) VALUES (1201, ' АНТОНЮК ВАСИЛЬ ІВАНОВИЧ', 71);
INSERT INTO student (student_id, fullName, group_group_id) VALUES (1211, ' ТКАЧЕНКО ТЕТЯНА ОЛЕКСАНДРІВНА', 71);
INSERT INTO student (student_id, fullName, group_group_id) VALUES (1221, ' МОСКАЛЕНКО НАДІЯ ІВАНІВНА', 71);
INSERT INTO student (student_id, fullName, group_group_id) VALUES (1231, ' ФЕДОРЕНКО ТЕТЯНА ІВАНІВНА', 71);
INSERT INTO student (student_id, fullName, group_group_id) VALUES (1241, ' ВОЛОШИН ОЛЕКСАНДР МИКОЛАЙОВИЧ', 71);
INSERT INTO student (student_id, fullName, group_group_id) VALUES (1251, ' ТКАЧЕНКО ЛІДІЯ МИКОЛАЇВНА', 71);
INSERT INTO student (student_id, fullName, group_group_id) VALUES (1261, ' ШУЛЬГА ВАСИЛЬ ІВАНОВИЧ', 71);
INSERT INTO student (student_id, fullName, group_group_id) VALUES (1271, ' ШАПОВАЛ ГАННА ІВАНІВНА', 71);
INSERT INTO student (student_id, fullName, group_group_id) VALUES (1281, ' ТКАЧУК ВАСИЛЬ ПЕТРОВИЧ', 71);
INSERT INTO student (student_id, fullName, group_group_id) VALUES (1291, ' КОСТЮК ІВАН ІВАНОВИЧ', 71);
INSERT INTO student (student_id, fullName, group_group_id) VALUES (1301, ' ІВАНОВА СВІТЛАНА МИКОЛАЇВНА', 71);
INSERT INTO student (student_id, fullName, group_group_id) VALUES (1311, ' ПЕТРЕНКО ВОЛОДИМИР МИКОЛАЙОВИЧ', 71);
INSERT INTO student (student_id, fullName, group_group_id) VALUES (1321, ' ШЕВЧУК ГАЛИНА ПЕТРІВНА', 71);
INSERT INTO student (student_id, fullName, group_group_id) VALUES (1331, ' ПЕТРЕНКО ВОЛОДИМИР МИКОЛАЙОВИЧ', 71);
INSERT INTO student (student_id, fullName, group_group_id) VALUES (1341, ' КОЛІСНИК ОЛЕКСАНДР ІВАНОВИЧ', 71);
INSERT INTO student (student_id, fullName, group_group_id) VALUES (1351, ' МАРЧЕНКО ЮРІЙ МИКОЛАЙОВИЧ', 71);
INSERT INTO student (student_id, fullName, group_group_id) VALUES (1361, ' АНТОНЮК МАРІЯ ІВАНІВНА', 71);
INSERT INTO student (student_id, fullName, group_group_id) VALUES (1371, ' ЛИСЕНКО ПЕТРО ІВАНОВИЧ', 71);
INSERT INTO student (student_id, fullName, group_group_id) VALUES (1381, ' ПОНОМАРЕНКО ОЛЕКСАНДР МИКОЛАЙОВИЧ', 71);
INSERT INTO student (student_id, fullName, group_group_id) VALUES (1391, ' КОВАЛЕНКО ЛЮБОВ ГРИГОРІВНА', 71);
INSERT INTO student (student_id, fullName, group_group_id) VALUES (1401, ' ЛЕВЧЕНКО ГАННА ІВАНІВНА', 81);
INSERT INTO student (student_id, fullName, group_group_id) VALUES (1411, ' КАРПЕНКО ВІКТОР ІВАНОВИЧ', 81);
INSERT INTO student (student_id, fullName, group_group_id) VALUES (1421, ' ГЕРАСИМЕНКО ВОЛОДИМИР МИКОЛАЙОВИЧ', 81);
INSERT INTO student (student_id, fullName, group_group_id) VALUES (1431, ' ОЛІЙНИК МИХАЙЛО ВАСИЛЬОВИЧ', 81);
INSERT INTO student (student_id, fullName, group_group_id) VALUES (1441, ' ПАВЛЮК ВАСИЛЬ МИХАЙЛОВИЧ', 81);
INSERT INTO student (student_id, fullName, group_group_id) VALUES (1451, ' ШВЕЦЬ ОЛЕКСАНДР МИКОЛАЙОВИЧ', 81);
INSERT INTO student (student_id, fullName, group_group_id) VALUES (1461, ' РОМАНЕНКО ГАЛИНА ІВАНІВНА', 81);
INSERT INTO student (student_id, fullName, group_group_id) VALUES (1471, ' КОВАЛЬЧУК ОЛЕНА ВАСИЛІВНА', 81);
INSERT INTO student (student_id, fullName, group_group_id) VALUES (1481, ' КОВАЛЕНКО ГАННА МИХАЙЛІВНА', 81);
INSERT INTO student (student_id, fullName, group_group_id) VALUES (1491, ' ШВЕЦЬ ІВАН ПЕТРОВИЧ', 81);
INSERT INTO student (student_id, fullName, group_group_id) VALUES (1501, ' БІЛИЙ МИКОЛА МИКОЛАЙОВИЧ', 81);
INSERT INTO student (student_id, fullName, group_group_id) VALUES (1511, ' ГОЛОВКО ГАННА ІВАНІВНА', 81);
INSERT INTO student (student_id, fullName, group_group_id) VALUES (1521, ' ГУМЕНЮК ВОЛОДИМИР ВАСИЛЬОВИЧ', 81);
INSERT INTO student (student_id, fullName, group_group_id) VALUES (1531, ' ЛИТВИНЕНКО ВІКТОР МИКОЛАЙОВИЧ', 81);
INSERT INTO student (student_id, fullName, group_group_id) VALUES (1541, ' ІВАНОВА НАДІЯ ІВАНІВНА', 81);
INSERT INTO student (student_id, fullName, group_group_id) VALUES (1551, ' ШЕВЧЕНКО МИХАЙЛО ІВАНОВИЧ', 81);
INSERT INTO student (student_id, fullName, group_group_id) VALUES (1561, ' ПОПОВ СЕРГІЙ МИКОЛАЙОВИЧ', 81);
INSERT INTO student (student_id, fullName, group_group_id) VALUES (1571, ' БОЙКО ОЛЬГА ОЛЕКСАНДРІВНА', 81);
INSERT INTO student (student_id, fullName, group_group_id) VALUES (1581, ' БОНДАРЕНКО МИКОЛА ДМИТРОВИЧ', 81);
INSERT INTO student (student_id, fullName, group_group_id) VALUES (1591, ' БАБИЧ МИКОЛА ІВАНОВИЧ', 81);
INSERT INTO student (student_id, fullName, group_group_id) VALUES (1601, ' КОВАЛЬЧУК МИХАЙЛО ІВАНОВИЧ', 91);
INSERT INTO student (student_id, fullName, group_group_id) VALUES (1611, ' ІВАНОВА ЛЮДМИЛА ОЛЕКСАНДРІВНА', 91);
INSERT INTO student (student_id, fullName, group_group_id) VALUES (1621, ' КОВАЛЕНКО НІНА ГРИГОРІВНА', 91);
INSERT INTO student (student_id, fullName, group_group_id) VALUES (1631, ' ЧОРНИЙ АНАТОЛІЙ ІВАНОВИЧ', 91);
INSERT INTO student (student_id, fullName, group_group_id) VALUES (1641, ' БОНДАРЕНКО ОЛЕКСАНДР МИКОЛАЙОВИЧ', 91);
INSERT INTO student (student_id, fullName, group_group_id) VALUES (1651, ' МЕЛЬНИК МАРІЯ ПАВЛІВНА', 91);
INSERT INTO student (student_id, fullName, group_group_id) VALUES (1661, ' БОЙКО ВАЛЕНТИНА ГРИГОРІВНА', 91);
INSERT INTO student (student_id, fullName, group_group_id) VALUES (1671, ' КОВАЛЬ ВАЛЕНТИНА МИКОЛАЇВНА', 91);
INSERT INTO student (student_id, fullName, group_group_id) VALUES (1681, ' ІВАНОВ ОЛЕКСАНДР АНАТОЛІЙОВИЧ', 91);
INSERT INTO student (student_id, fullName, group_group_id) VALUES (1691, ' ПЕТРЕНКО ВАЛЕНТИНА ІВАНІВНА', 91);
INSERT INTO student (student_id, fullName, group_group_id) VALUES (1701, ' ШЕВЧУК ПЕТРО ІВАНОВИЧ', 91);
INSERT INTO student (student_id, fullName, group_group_id) VALUES (1711, ' МЕЛЬНИК НІНА ІВАНІВНА', 91);
INSERT INTO student (student_id, fullName, group_group_id) VALUES (1721, ' ГОРДІЄНКО МИКОЛА ІВАНОВИЧ', 91);
INSERT INTO student (student_id, fullName, group_group_id) VALUES (1731, ' ОЛІЙНИК ВІКТОР ІВАНОВИЧ', 91);
INSERT INTO student (student_id, fullName, group_group_id) VALUES (1741, ' ІВАЩЕНКО ОЛЕКСАНДР ІВАНОВИЧ', 91);
INSERT INTO student (student_id, fullName, group_group_id) VALUES (1751, ' ТКАЧЕНКО КАТЕРИНА ІВАНІВНА', 91);
INSERT INTO student (student_id, fullName, group_group_id) VALUES (1761, ' КОВАЛЬЧУК ВАСИЛЬ ІВАНОВИЧ', 91);
INSERT INTO student (student_id, fullName, group_group_id) VALUES (1771, ' КОВТУН ВОЛОДИМИР МИКОЛАЙОВИЧ', 91);
INSERT INTO student (student_id, fullName, group_group_id) VALUES (1781, ' КРАВЧУК ВАСИЛЬ ІВАНОВИЧ', 91);
INSERT INTO student (student_id, fullName, group_group_id) VALUES (1791, ' ЮРЧЕНКО СЕРГІЙ МИКОЛАЙОВИЧ', 91);
INSERT INTO student (student_id, fullName, group_group_id) VALUES (1801, ' КОВАЛЬЧУК МИКОЛА МИКОЛАЙОВИЧ', 101);
INSERT INTO student (student_id, fullName, group_group_id) VALUES (1811, ' ТЕРЕЩЕНКО СЕРГІЙ МИКОЛАЙОВИЧ', 101);
INSERT INTO student (student_id, fullName, group_group_id) VALUES (1821, ' ШЕВЧУК ВОЛОДИМИР ВАСИЛЬОВИЧ', 101);
INSERT INTO student (student_id, fullName, group_group_id) VALUES (1831, ' ВАСИЛЕНКО НАДІЯ ІВАНІВНА', 101);
INSERT INTO student (student_id, fullName, group_group_id) VALUES (1841, ' КОЛОМІЄЦЬ ВАСИЛЬ ІВАНОВИЧ', 101);
INSERT INTO student (student_id, fullName, group_group_id) VALUES (1851, ' ЛИСЕНКО ОЛЬГА МИКОЛАЇВНА', 101);
INSERT INTO student (student_id, fullName, group_group_id) VALUES (1861, ' КОВАЛЕНКО ГАННА ВАСИЛІВНА', 101);
INSERT INTO student (student_id, fullName, group_group_id) VALUES (1871, ' ВОВК ОЛЬГА МИКОЛАЇВНА', 101);
INSERT INTO student (student_id, fullName, group_group_id) VALUES (1881, ' НАЗАРЕНКО ВОЛОДИМИР ІВАНОВИЧ', 101);
INSERT INTO student (student_id, fullName, group_group_id) VALUES (1891, ' КОВАЛЕНКО ГАННА ГРИГОРІВНА', 101);
INSERT INTO student (student_id, fullName, group_group_id) VALUES (1901, ' ІВАНОВА МАРІЯ МИХАЙЛІВНА', 101);
INSERT INTO student (student_id, fullName, group_group_id) VALUES (1911, ' БОЙКО МАРІЯ ПЕТРІВНА', 101);
INSERT INTO student (student_id, fullName, group_group_id) VALUES (1921, ' КРАВЧЕНКО ОЛЕКСАНДР ІВАНОВИЧ', 101);
INSERT INTO student (student_id, fullName, group_group_id) VALUES (1931, ' ПИЛИПЕНКО ГАННА ІВАНІВНА', 101);
INSERT INTO student (student_id, fullName, group_group_id) VALUES (1941, ' ХАРЧЕНКО МИКОЛА ВАСИЛЬОВИЧ', 101);
INSERT INTO student (student_id, fullName, group_group_id) VALUES (1951, ' ДЕНИСЕНКО ВОЛОДИМИР ІВАНОВИЧ', 101);
INSERT INTO student (student_id, fullName, group_group_id) VALUES (1961, ' МАРЧЕНКО ЛІДІЯ ІВАНІВНА', 101);
INSERT INTO student (student_id, fullName, group_group_id) VALUES (1971, ' ТКАЧЕНКО МИКОЛА ГРИГОРОВИЧ', 101);
INSERT INTO student (student_id, fullName, group_group_id) VALUES (1981, ' КОВАЛЬОВА ГАННА ІВАНІВНА', 101);
INSERT INTO student (student_id, fullName, group_group_id) VALUES (1991, ' МЕЛЬНИК ГАЛИНА ІВАНІВНА', 101);
INSERT INTO student (student_id, fullName, group_group_id) VALUES (2001, ' ШЕВЧЕНКО НАДІЯ ІВАНІВНА', 111);
INSERT INTO student (student_id, fullName, group_group_id) VALUES (2011, ' ТКАЧЕНКО МИКОЛА ІВАНОВИЧ', 111);
INSERT INTO student (student_id, fullName, group_group_id) VALUES (2021, ' МЕЛЬНИЧУК ГАННА ВАСИЛІВНА', 111);
INSERT INTO student (student_id, fullName, group_group_id) VALUES (2031, ' СЕМЕНЮК ГАЛИНА ІВАНІВНА', 111);
INSERT INTO student (student_id, fullName, group_group_id) VALUES (2041, ' ІВАНОВА НАТАЛІЯ МИКОЛАЇВНА', 111);
INSERT INTO student (student_id, fullName, group_group_id) VALUES (2051, ' ЛИСЕНКО ВОЛОДИМИР ПЕТРОВИЧ', 111);
INSERT INTO student (student_id, fullName, group_group_id) VALUES (2061, ' ЯКОВЕНКО МАРІЯ ІВАНІВНА', 111);
INSERT INTO student (student_id, fullName, group_group_id) VALUES (2071, ' БОЙЧУК ГАННА ІВАНІВНА', 111);
INSERT INTO student (student_id, fullName, group_group_id) VALUES (2081, ' КОВАЛЕНКО СЕРГІЙ ОЛЕКСАНДРОВИЧ', 111);
INSERT INTO student (student_id, fullName, group_group_id) VALUES (2091, ' КОВАЛЕНКО СЕРГІЙ ІВАНОВИЧ', 111);
INSERT INTO student (student_id, fullName, group_group_id) VALUES (2101, ' БОНДАРЕНКО НАТАЛІЯ МИХАЙЛІВНА', 111);
INSERT INTO student (student_id, fullName, group_group_id) VALUES (2111, ' КЛИМЕНКО МИКОЛА ІВАНОВИЧ', 111);
INSERT INTO student (student_id, fullName, group_group_id) VALUES (2121, ' ХОМЕНКО ТЕТЯНА ІВАНІВНА', 111);
INSERT INTO student (student_id, fullName, group_group_id) VALUES (2131, ' ОЛІЙНИК СЕРГІЙ ВАСИЛЬОВИЧ', 111);
INSERT INTO student (student_id, fullName, group_group_id) VALUES (2141, ' ПРИХОДЬКО ОЛЕКСАНДР МИКОЛАЙОВИЧ', 111);
INSERT INTO student (student_id, fullName, group_group_id) VALUES (2151, ' КРАВЧУК ЛЮДМИЛА ІВАНІВНА', 111);
INSERT INTO student (student_id, fullName, group_group_id) VALUES (2161, ' ВЕЛИЧКО МИКОЛА ІВАНОВИЧ', 111);
INSERT INTO student (student_id, fullName, group_group_id) VALUES (2171, ' МАРЧЕНКО НАТАЛІЯ МИКОЛАЇВНА', 111);
INSERT INTO student (student_id, fullName, group_group_id) VALUES (2181, ' ГОНЧАРЕНКО НАТАЛІЯ МИКОЛАЇВНА', 111);
INSERT INTO student (student_id, fullName, group_group_id) VALUES (2191, ' КИРИЧЕНКО МИКОЛА ІВАНОВИЧ', 111);
INSERT INTO student (student_id, fullName, group_group_id) VALUES (2201, ' КОВАЛЕНКО НАДІЯ ІВАНІВНА', 121);
INSERT INTO student (student_id, fullName, group_group_id) VALUES (2211, ' ГЕРАСИМЕНКО ВОЛОДИМИР МИКОЛАЙОВИЧ', 121);
INSERT INTO student (student_id, fullName, group_group_id) VALUES (2221, ' КОВАЛЕНКО МИКОЛА ВОЛОДИМИРОВИЧ', 121);
INSERT INTO student (student_id, fullName, group_group_id) VALUES (2231, ' КАРПЕНКО НІНА ІВАНІВНА', 121);
INSERT INTO student (student_id, fullName, group_group_id) VALUES (2241, ' ЛЕВИЦЬКА МАРІЯ МИХАЙЛІВНА', 121);
INSERT INTO student (student_id, fullName, group_group_id) VALUES (2251, ' МЕЛЬНИК ІВАН ГРИГОРОВИЧ', 121);
INSERT INTO student (student_id, fullName, group_group_id) VALUES (2261, ' ПОЛІЩУК СВІТЛАНА ІВАНІВНА', 121);
INSERT INTO student (student_id, fullName, group_group_id) VALUES (2271, ' ЛИТВИНЕНКО МИКОЛА МИКОЛАЙОВИЧ', 121);
INSERT INTO student (student_id, fullName, group_group_id) VALUES (2281, ' КОВАЛЬ МИХАЙЛО СТЕПАНОВИЧ', 121);
INSERT INTO student (student_id, fullName, group_group_id) VALUES (2291, ' КЛИМЕНКО АНАТОЛІЙ ВАСИЛЬОВИЧ', 121);
INSERT INTO student (student_id, fullName, group_group_id) VALUES (2301, ' ПАЛАМАРЧУК МАРІЯ ІВАНІВНА', 121);
INSERT INTO student (student_id, fullName, group_group_id) VALUES (2311, ' ДЗЮБА ГАННА ІВАНІВНА', 121);
INSERT INTO student (student_id, fullName, group_group_id) VALUES (2321, ' КОВАЛЬЧУК АНАТОЛІЙ МИКОЛАЙОВИЧ', 121);
INSERT INTO student (student_id, fullName, group_group_id) VALUES (2331, ' ГУМЕНЮК ВОЛОДИМИР ВАСИЛЬОВИЧ', 121);
INSERT INTO student (student_id, fullName, group_group_id) VALUES (2341, ' БОНДАРЕНКО СВІТЛАНА ВОЛОДИМИРІВНА', 121);
INSERT INTO student (student_id, fullName, group_group_id) VALUES (2351, ' БОЙКО НІНА ВАСИЛІВНА', 121);
INSERT INTO student (student_id, fullName, group_group_id) VALUES (2361, ' МЕЛЬНИЧУК ВАСИЛЬ МИКОЛАЙОВИЧ', 121);
INSERT INTO student (student_id, fullName, group_group_id) VALUES (2371, ' ІВАНОВА КАТЕРИНА ІВАНІВНА', 121);
INSERT INTO student (student_id, fullName, group_group_id) VALUES (2381, ' ВОЛОШИНА ГАННА ІВАНІВНА', 121);
INSERT INTO student (student_id, fullName, group_group_id) VALUES (2391, ' ТКАЧЕНКО НАДІЯ ПЕТРІВНА', 121);
INSERT INTO student (student_id, fullName, group_group_id) VALUES (2401, ' БОЙКО ГАЛИНА ВОЛОДИМИРІВНА', 131);
INSERT INTO student (student_id, fullName, group_group_id) VALUES (2411, ' РУДЕНКО ОЛЕНА ВОЛОДИМИРІВНА', 131);
INSERT INTO student (student_id, fullName, group_group_id) VALUES (2421, ' БОНДАРЕНКО ГАННА ПЕТРІВНА', 131);
INSERT INTO student (student_id, fullName, group_group_id) VALUES (2431, ' МОРОЗ НІНА ІВАНІВНА', 131);
INSERT INTO student (student_id, fullName, group_group_id) VALUES (2441, ' КОВАЛЬЧУК НАДІЯ ГРИГОРІВНА', 131);
INSERT INTO student (student_id, fullName, group_group_id) VALUES (2451, ' КЛИМЕНКО МИКОЛА МИХАЙЛОВИЧ', 131);
INSERT INTO student (student_id, fullName, group_group_id) VALUES (2461, ' ОНИЩЕНКО ВОЛОДИМИР ІВАНОВИЧ', 131);
INSERT INTO student (student_id, fullName, group_group_id) VALUES (2471, ' ШЕВЧЕНКО ВОЛОДИМИР ГРИГОРОВИЧ', 131);
INSERT INTO student (student_id, fullName, group_group_id) VALUES (2481, ' КУЗЬМЕНКО НІНА ІВАНІВНА', 131);
INSERT INTO student (student_id, fullName, group_group_id) VALUES (2491, ' ГЕРАСИМЕНКО МАРІЯ ІВАНІВНА', 131);
INSERT INTO student (student_id, fullName, group_group_id) VALUES (2501, ' ДЕРКАЧ ВАСИЛЬ ІВАНОВИЧ', 131);
INSERT INTO student (student_id, fullName, group_group_id) VALUES (2511, ' ТКАЧЕНКО ГАЛИНА ВАСИЛІВНА', 131);
INSERT INTO student (student_id, fullName, group_group_id) VALUES (2521, ' КОВАЛЬ ЛІДІЯ ІВАНІВНА', 131);
INSERT INTO student (student_id, fullName, group_group_id) VALUES (2531, ' ТКАЧЕНКО СЕРГІЙ ПЕТРОВИЧ', 131);
INSERT INTO student (student_id, fullName, group_group_id) VALUES (2541, ' ОСТАПЕНКО ЛЮБОВ ІВАНІВНА', 131);
INSERT INTO student (student_id, fullName, group_group_id) VALUES (2551, ' МЕЛЬНИЧУК ІВАН ІВАНОВИЧ', 131);
INSERT INTO student (student_id, fullName, group_group_id) VALUES (2561, ' КОВАЛЕНКО ЛЮБОВ МИКОЛАЇВНА', 131);
INSERT INTO student (student_id, fullName, group_group_id) VALUES (2571, ' МЕЛЬНИК МИКОЛА ФЕДОРОВИЧ', 131);
INSERT INTO student (student_id, fullName, group_group_id) VALUES (2581, ' МЕЛЬНИК ВАСИЛЬ ДМИТРОВИЧ', 131);
INSERT INTO student (student_id, fullName, group_group_id) VALUES (2591, ' БОНДАР ВІКТОР МИКОЛАЙОВИЧ', 131);
INSERT INTO student (student_id, fullName, group_group_id) VALUES (2601, ' РУДЕНКО ЛЮБОВ ВАСИЛІВНА', 141);
INSERT INTO student (student_id, fullName, group_group_id) VALUES (2611, ' САВЧЕНКО ТЕТЯНА ВАСИЛІВНА', 141);
INSERT INTO student (student_id, fullName, group_group_id) VALUES (2621, ' МЕЛЬНИК ІВАН ПЕТРОВИЧ', 141);
INSERT INTO student (student_id, fullName, group_group_id) VALUES (2631, ' КИРИЧЕНКО ОЛЕКСАНДР ІВАНОВИЧ', 141);
INSERT INTO student (student_id, fullName, group_group_id) VALUES (2641, ' ЮРЧЕНКО МИКОЛА ІВАНОВИЧ', 141);
INSERT INTO student (student_id, fullName, group_group_id) VALUES (2651, ' ПЕТРЕНКО ВІКТОР ІВАНОВИЧ', 141);
INSERT INTO student (student_id, fullName, group_group_id) VALUES (2661, ' МЕЛЬНИК ТЕТЯНА ІВАНІВНА', 141);
INSERT INTO student (student_id, fullName, group_group_id) VALUES (2671, ' ШВЕЦЬ ВАСИЛЬ ІВАНОВИЧ', 141);
INSERT INTO student (student_id, fullName, group_group_id) VALUES (2681, ' КУЗЬМЕНКО СЕРГІЙ ІВАНОВИЧ', 141);
INSERT INTO student (student_id, fullName, group_group_id) VALUES (2691, ' САВЧУК ВАСИЛЬ ІВАНОВИЧ', 141);
INSERT INTO student (student_id, fullName, group_group_id) VALUES (2701, ' ШЕВЧЕНКО ГАННА ГРИГОРІВНА', 141);
INSERT INTO student (student_id, fullName, group_group_id) VALUES (2711, ' ТКАЧЕНКО МИКОЛА МИКОЛАЙОВИЧ', 141);
INSERT INTO student (student_id, fullName, group_group_id) VALUES (2721, ' КОВАЛЕНКО ВОЛОДИМИР МИХАЙЛОВИЧ', 141);
INSERT INTO student (student_id, fullName, group_group_id) VALUES (2731, ' ІВАНОВА МАРІЯ МИКОЛАЇВНА', 141);
INSERT INTO student (student_id, fullName, group_group_id) VALUES (2741, ' БОЙКО ІВАН ІВАНОВИЧ', 141);
INSERT INTO student (student_id, fullName, group_group_id) VALUES (2751, ' ЛИТВИНЕНКО ЛЮБОВ ІВАНІВНА', 141);
INSERT INTO student (student_id, fullName, group_group_id) VALUES (2761, ' ГАВРИЛЮК МИХАЙЛО ІВАНОВИЧ', 141);
INSERT INTO student (student_id, fullName, group_group_id) VALUES (2771, ' КОВАЛЕНКО ВАЛЕНТИНА ІВАНІВНА', 141);
INSERT INTO student (student_id, fullName, group_group_id) VALUES (2781, ' МОРОЗ ВАСИЛЬ ДМИТРОВИЧ', 141);
INSERT INTO student (student_id, fullName, group_group_id) VALUES (2791, ' РОМАНЕНКО МИКОЛА МИКОЛАЙОВИЧ', 141);
INSERT INTO student (student_id, fullName, group_group_id) VALUES (2801, ' ДАНИЛЮК МАРІЯ МИХАЙЛІВНА', 151);
INSERT INTO student (student_id, fullName, group_group_id) VALUES (2811, ' МАРТИНЮК МАРІЯ ІВАНІВНА', 151);
INSERT INTO student (student_id, fullName, group_group_id) VALUES (2821, ' КЛИМЕНКО ВАЛЕНТИНА МИКОЛАЇВНА', 151);
INSERT INTO student (student_id, fullName, group_group_id) VALUES (2831, ' ШЕВЧЕНКО ЛЮДМИЛА ІВАНІВНА', 151);
INSERT INTO student (student_id, fullName, group_group_id) VALUES (2841, ' ШЕВЧУК ВОЛОДИМИР ІВАНОВИЧ', 151);
INSERT INTO student (student_id, fullName, group_group_id) VALUES (2851, ' КОВАЛЕНКО ВАЛЕНТИНА ВОЛОДИМИРІВНА', 151);
INSERT INTO student (student_id, fullName, group_group_id) VALUES (2861, ' БОНДАРЧУК ГАЛИНА ІВАНІВНА', 151);
INSERT INTO student (student_id, fullName, group_group_id) VALUES (2871, ' ЧОРНА НАТАЛІЯ МИКОЛАЇВНА', 151);
INSERT INTO student (student_id, fullName, group_group_id) VALUES (2881, ' СИДОРЕНКО ВОЛОДИМИР МИКОЛАЙОВИЧ', 151);
INSERT INTO student (student_id, fullName, group_group_id) VALUES (2891, ' КОРОЛЬ МИКОЛА ІВАНОВИЧ', 151);
INSERT INTO student (student_id, fullName, group_group_id) VALUES (2901, ' ДЕМЧУК ГАННА ІВАНІВНА', 151);
INSERT INTO student (student_id, fullName, group_group_id) VALUES (2911, ' КОВАЛЬ ТЕТЯНА ІВАНІВНА', 151);
INSERT INTO student (student_id, fullName, group_group_id) VALUES (2921, ' КАРПЕНКО ВОЛОДИМИР ІВАНОВИЧ', 151);
INSERT INTO student (student_id, fullName, group_group_id) VALUES (2931, ' ХОМЕНКО ВОЛОДИМИР МИКОЛАЙОВИЧ', 151);
INSERT INTO student (student_id, fullName, group_group_id) VALUES (2941, ' ГОНЧАРЕНКО ТЕТЯНА ІВАНІВНА', 151);
INSERT INTO student (student_id, fullName, group_group_id) VALUES (2951, ' КОВАЛЬ ВОЛОДИМИР МИКОЛАЙОВИЧ', 151);
INSERT INTO student (student_id, fullName, group_group_id) VALUES (2961, ' ШЕВЧЕНКО ВІКТОР МИКОЛАЙОВИЧ', 151);
INSERT INTO student (student_id, fullName, group_group_id) VALUES (2971, ' КОВАЛЬ НАДІЯ ВАСИЛІВНА', 151);
INSERT INTO student (student_id, fullName, group_group_id) VALUES (2981, ' ШЕВЧЕНКО ВІРА ІВАНІВНА', 151);
INSERT INTO student (student_id, fullName, group_group_id) VALUES (2991, ' КРАВЧЕНКО МАРІЯ ГРИГОРІВНА', 151);
INSERT INTO student (student_id, fullName, group_group_id) VALUES (3001, ' ІВАНОВ ПЕТРО ІВАНОВИЧ', 161);
INSERT INTO student (student_id, fullName, group_group_id) VALUES (3011, ' СЕРЕДА МАРІЯ ІВАНІВНА', 161);
INSERT INTO student (student_id, fullName, group_group_id) VALUES (3021, ' БОНДАРЕНКО ІВАН МИКОЛАЙОВИЧ', 161);
INSERT INTO student (student_id, fullName, group_group_id) VALUES (3031, ' ІВАНОВА ВАЛЕНТИНА ВОЛОДИМИРІВНА', 161);
INSERT INTO student (student_id, fullName, group_group_id) VALUES (3041, ' БОЙКО ГАЛИНА МИКОЛАЇВНА', 161);
INSERT INTO student (student_id, fullName, group_group_id) VALUES (3051, ' КЛИМЕНКО ЛІДІЯ ІВАНІВНА', 161);
INSERT INTO student (student_id, fullName, group_group_id) VALUES (3061, ' МАРЧЕНКО ЛЮДМИЛА МИКОЛАЇВНА', 161);
INSERT INTO student (student_id, fullName, group_group_id) VALUES (3071, ' ТКАЧЕНКО ЛЮБОВ ПЕТРІВНА', 161);
INSERT INTO student (student_id, fullName, group_group_id) VALUES (3081, ' ЧОРНА МАРІЯ ІВАНІВНА', 161);
INSERT INTO student (student_id, fullName, group_group_id) VALUES (3091, ' КУЧЕРЕНКО МИКОЛА МИКОЛАЙОВИЧ', 161);
INSERT INTO student (student_id, fullName, group_group_id) VALUES (3101, ' ГОЛОВКО ОЛЕКСАНДР МИКОЛАЙОВИЧ', 161);
INSERT INTO student (student_id, fullName, group_group_id) VALUES (3111, ' КРАВЧЕНКО НІНА МИКОЛАЇВНА', 161);
INSERT INTO student (student_id, fullName, group_group_id) VALUES (3121, ' БОДНАР МАРІЯ ІВАНІВНА', 161);
INSERT INTO student (student_id, fullName, group_group_id) VALUES (3131, ' ШЕВЧУК МАРІЯ ВАСИЛІВНА', 161);
INSERT INTO student (student_id, fullName, group_group_id) VALUES (3141, ' БОНДАРЕНКО ГАЛИНА ІВАНІВНА', 161);
INSERT INTO student (student_id, fullName, group_group_id) VALUES (3151, ' ШЕВЧЕНКО ГАЛИНА ПЕТРІВНА', 161);
INSERT INTO student (student_id, fullName, group_group_id) VALUES (3161, ' ВАСИЛЕНКО НАДІЯ ІВАНІВНА', 161);
INSERT INTO student (student_id, fullName, group_group_id) VALUES (3171, ' МАРЧЕНКО ТЕТЯНА ВОЛОДИМИРІВНА', 161);
INSERT INTO student (student_id, fullName, group_group_id) VALUES (3181, ' РУДЕНКО НАДІЯ ІВАНІВНА', 161);
INSERT INTO student (student_id, fullName, group_group_id) VALUES (3191, ' ГРИЦЕНКО ВАЛЕНТИНА ІВАНІВНА', 161);
INSERT INTO student (student_id, fullName, group_group_id) VALUES (3201, ' КОВАЛЬ ЛЮДМИЛА ІВАНІВНА', 171);
INSERT INTO student (student_id, fullName, group_group_id) VALUES (3211, ' ТКАЧЕНКО АНАТОЛІЙ ВАСИЛЬОВИЧ', 171);
INSERT INTO student (student_id, fullName, group_group_id) VALUES (3221, ' ЛИТВИН МАРІЯ ІВАНІВНА', 171);
INSERT INTO student (student_id, fullName, group_group_id) VALUES (3231, ' БОЙКО ОЛЕНА ВАСИЛІВНА', 171);
INSERT INTO student (student_id, fullName, group_group_id) VALUES (3241, ' ХАРЧЕНКО ВІКТОР МИКОЛАЙОВИЧ', 171);
INSERT INTO student (student_id, fullName, group_group_id) VALUES (3251, ' КРАВЧЕНКО АНАТОЛІЙ ІВАНОВИЧ', 171);
INSERT INTO student (student_id, fullName, group_group_id) VALUES (3261, ' ПОПОВА ВАЛЕНТИНА МИКОЛАЇВНА', 171);
INSERT INTO student (student_id, fullName, group_group_id) VALUES (3271, ' НІКОЛАЄВ МИКОЛА МИКОЛАЙОВИЧ', 171);
INSERT INTO student (student_id, fullName, group_group_id) VALUES (3281, ' КЛИМЕНКО МИКОЛА ПЕТРОВИЧ', 171);
INSERT INTO student (student_id, fullName, group_group_id) VALUES (3291, ' ШЕВЧЕНКО ВАЛЕНТИНА ФЕДОРІВНА', 171);
INSERT INTO student (student_id, fullName, group_group_id) VALUES (3301, ' ТКАЧЕНКО МАРІЯ ПЕТРІВНА', 171);
INSERT INTO student (student_id, fullName, group_group_id) VALUES (3311, ' БОЙКО МАРІЯ ІВАНІВНА', 171);
INSERT INTO student (student_id, fullName, group_group_id) VALUES (3321, ' КУШНІР ТЕТЯНА ІВАНІВНА', 171);
INSERT INTO student (student_id, fullName, group_group_id) VALUES (3331, ' БАРИШЕВА ОЛЬГА ВОЛОДИМИРІВНА', 171);
INSERT INTO student (student_id, fullName, group_group_id) VALUES (3341, ' ПАВЛЮК ВАСИЛЬ МИХАЙЛОВИЧ', 171);
INSERT INTO student (student_id, fullName, group_group_id) VALUES (3351, ' КОВАЛЕНКО ВОЛОДИМИР ФЕДОРОВИЧ', 171);
INSERT INTO student (student_id, fullName, group_group_id) VALUES (3361, ' ГАВРИЛЮК ГАННА ВАСИЛІВНА', 171);
INSERT INTO student (student_id, fullName, group_group_id) VALUES (3371, ' МЕЛЬНИК ВАЛЕНТИНА МИХАЙЛІВНА', 171);
INSERT INTO student (student_id, fullName, group_group_id) VALUES (3381, ' СЕРЕДА МИКОЛА ІВАНОВИЧ', 171);
INSERT INTO student (student_id, fullName, group_group_id) VALUES (3391, ' БОЙКО НАТАЛІЯ ІВАНІВНА', 171);
INSERT INTO student (student_id, fullName, group_group_id) VALUES (3401, ' КОВАЛЕНКО ТЕТЯНА ГРИГОРІВНА', 181);
INSERT INTO student (student_id, fullName, group_group_id) VALUES (3411, ' КРАВЧУК МИКОЛА ВАСИЛЬОВИЧ', 181);
INSERT INTO student (student_id, fullName, group_group_id) VALUES (3421, ' ШВЕЦЬ ОЛЕКСАНДР МИКОЛАЙОВИЧ', 181);
INSERT INTO student (student_id, fullName, group_group_id) VALUES (3431, ' БОЙКО ГАННА ФЕДОРІВНА', 181);
INSERT INTO student (student_id, fullName, group_group_id) VALUES (3441, ' МЕЛЬНИК ЛЮБОВ ГРИГОРІВНА', 181);
INSERT INTO student (student_id, fullName, group_group_id) VALUES (3451, ' РАДЧЕНКО ОЛЕКСАНДР МИКОЛАЙОВИЧ', 181);
INSERT INTO student (student_id, fullName, group_group_id) VALUES (3461, ' ПОПОВИЧ ГАННА ІВАНІВНА', 181);
INSERT INTO student (student_id, fullName, group_group_id) VALUES (3471, ' КОВАЛЬЧУК ІВАН МИКОЛАЙОВИЧ', 181);
INSERT INTO student (student_id, fullName, group_group_id) VALUES (3481, ' КЛИМЕНКО ВАЛЕНТИНА ІВАНІВНА', 181);
INSERT INTO student (student_id, fullName, group_group_id) VALUES (3491, ' МЕЛЬНИК ІВАН ВАСИЛЬОВИЧ', 181);
INSERT INTO student (student_id, fullName, group_group_id) VALUES (3501, ' ШЕВЧУК ВОЛОДИМИР ІВАНОВИЧ', 181);
INSERT INTO student (student_id, fullName, group_group_id) VALUES (3511, ' ШЕВЧУК МИКОЛА МИХАЙЛОВИЧ', 181);
INSERT INTO student (student_id, fullName, group_group_id) VALUES (3521, ' КОВАЛЬ АНАТОЛІЙ ВАСИЛЬОВИЧ', 181);
INSERT INTO student (student_id, fullName, group_group_id) VALUES (3531, ' МЕЛЬНИК ЛЮБОВ ГРИГОРІВНА', 181);
INSERT INTO student (student_id, fullName, group_group_id) VALUES (3541, ' ДЕМЧУК ГАННА ІВАНІВНА', 181);
INSERT INTO student (student_id, fullName, group_group_id) VALUES (3551, ' МАРЧЕНКО ОЛЕНА МИКОЛАЇВНА', 181);
INSERT INTO student (student_id, fullName, group_group_id) VALUES (3561, ' ШЕВЧЕНКО ГАННА ГРИГОРІВНА', 181);
INSERT INTO student (student_id, fullName, group_group_id) VALUES (3571, ' ПЕТРЕНКО МАРІЯ ПЕТРІВНА', 181);
INSERT INTO student (student_id, fullName, group_group_id) VALUES (3581, ' БОЙЧУК ВАСИЛЬ МИКОЛАЙОВИЧ', 181);
INSERT INTO student (student_id, fullName, group_group_id) VALUES (3591, ' БОНДАРЕНКО ІВАН МИКОЛАЙОВИЧ', 181);
INSERT INTO student (student_id, fullName, group_group_id) VALUES (3601, ' КОВАЛЕНКО МАРІЯ ФЕДОРІВНА', 191);
INSERT INTO student (student_id, fullName, group_group_id) VALUES (3611, ' ДЕНИСЕНКО МАРІЯ ІВАНІВНА', 191);
INSERT INTO student (student_id, fullName, group_group_id) VALUES (3621, ' ТКАЧЕНКО ГАННА ІВАНІВНА', 191);
INSERT INTO student (student_id, fullName, group_group_id) VALUES (3631, ' ПИЛИПЕНКО ВАСИЛЬ ІВАНОВИЧ', 191);
INSERT INTO student (student_id, fullName, group_group_id) VALUES (3641, ' ПАВЛЕНКО МИКОЛА МИХАЙЛОВИЧ', 191);
INSERT INTO student (student_id, fullName, group_group_id) VALUES (3651, ' ТКАЧУК ВАЛЕНТИНА МИКОЛАЇВНА', 191);
INSERT INTO student (student_id, fullName, group_group_id) VALUES (3661, ' ОЛІЙНИК НІНА ВАСИЛІВНА', 191);
INSERT INTO student (student_id, fullName, group_group_id) VALUES (3671, ' ЗАХАРЧУК МАРІЯ ІВАНІВНА', 191);
INSERT INTO student (student_id, fullName, group_group_id) VALUES (3681, ' КОВАЛЬ ІВАН ГРИГОРОВИЧ', 191);
INSERT INTO student (student_id, fullName, group_group_id) VALUES (3691, ' ПОЛІЩУК СЕРГІЙ ПЕТРОВИЧ', 191);
INSERT INTO student (student_id, fullName, group_group_id) VALUES (3701, ' ТКАЧЕНКО ВОЛОДИМИР ВАСИЛЬОВИЧ', 191);
INSERT INTO student (student_id, fullName, group_group_id) VALUES (3711, ' ХАРЧЕНКО ІВАН ВАСИЛЬОВИЧ', 191);
INSERT INTO student (student_id, fullName, group_group_id) VALUES (3721, ' КОВАЛЬ ВАЛЕНТИНА ПЕТРІВНА', 191);
INSERT INTO student (student_id, fullName, group_group_id) VALUES (3731, ' КУЛИК ВАСИЛЬ ІВАНОВИЧ', 191);
INSERT INTO student (student_id, fullName, group_group_id) VALUES (3741, ' МІЩЕНКО ТЕТЯНА МИКОЛАЇВНА', 191);
INSERT INTO student (student_id, fullName, group_group_id) VALUES (3751, ' БОНДАРЕНКО ОЛЬГА ГРИГОРІВНА', 191);
INSERT INTO student (student_id, fullName, group_group_id) VALUES (3761, ' КОВАЛЬЧУК ВАЛЕНТИНА ПЕТРІВНА', 191);
INSERT INTO student (student_id, fullName, group_group_id) VALUES (3771, ' КОВАЛЕНКО СВІТЛАНА ІВАНІВНА', 191);
INSERT INTO student (student_id, fullName, group_group_id) VALUES (3781, ' ШЕВЧЕНКО ЛЮДМИЛА ІВАНІВНА', 191);
INSERT INTO student (student_id, fullName, group_group_id) VALUES (3791, ' КОСТЕНКО ІВАН ІВАНОВИЧ', 191);
INSERT INTO student (student_id, fullName, group_group_id) VALUES (3801, ' ГАВРИЛЮК СЕРГІЙ ВАСИЛЬОВИЧ', 201);
INSERT INTO student (student_id, fullName, group_group_id) VALUES (3811, ' ЗІНЧЕНКО ГАННА ІВАНІВНА', 201);
INSERT INTO student (student_id, fullName, group_group_id) VALUES (3821, ' КЛИМЕНКО ОЛЕКСАНДР ВАСИЛЬОВИЧ', 201);
INSERT INTO student (student_id, fullName, group_group_id) VALUES (3831, ' ВЕЛИЧКО ОЛЬГА ІВАНІВНА', 201);
INSERT INTO student (student_id, fullName, group_group_id) VALUES (3841, ' ШЕВЧЕНКО АНАТОЛІЙ МИКОЛАЙОВИЧ', 201);
INSERT INTO student (student_id, fullName, group_group_id) VALUES (3851, ' КРАВЧУК МИКОЛА ПЕТРОВИЧ', 201);
INSERT INTO student (student_id, fullName, group_group_id) VALUES (3861, ' ОЛІЙНИК ЛЮДМИЛА МИКОЛАЇВНА', 201);
INSERT INTO student (student_id, fullName, group_group_id) VALUES (3871, ' ПОПОВ ОЛЕКСАНДР МИКОЛАЙОВИЧ', 201);
INSERT INTO student (student_id, fullName, group_group_id) VALUES (3881, ' ВОЛКОВ ВОЛОДИМИР МИКОЛАЙОВИЧ', 201);
INSERT INTO student (student_id, fullName, group_group_id) VALUES (3891, ' ТКАЧЕНКО ЛЮДМИЛА ІВАНІВНА', 201);
INSERT INTO student (student_id, fullName, group_group_id) VALUES (3901, ' БОЙКО ВОЛОДИМИР ВАСИЛЬОВИЧ', 201);
INSERT INTO student (student_id, fullName, group_group_id) VALUES (3911, ' ТЕРЕЩЕНКО ВАЛЕНТИНА ІВАНІВНА', 201);
INSERT INTO student (student_id, fullName, group_group_id) VALUES (3921, ' КУЗЬМЕНКО ТЕТЯНА МИКОЛАЇВНА', 201);
INSERT INTO student (student_id, fullName, group_group_id) VALUES (3931, ' САВЧЕНКО ОЛЕКСАНДР ВОЛОДИМИРОВИЧ', 201);
INSERT INTO student (student_id, fullName, group_group_id) VALUES (3941, ' ПОЛІЩУК МИКОЛА ВОЛОДИМИРОВИЧ', 201);
INSERT INTO student (student_id, fullName, group_group_id) VALUES (3951, ' САВЧЕНКО НІНА ІВАНІВНА', 201);
INSERT INTO student (student_id, fullName, group_group_id) VALUES (3961, ' КОВАЛЬ ВОЛОДИМИР ГРИГОРОВИЧ', 201);
INSERT INTO student (student_id, fullName, group_group_id) VALUES (3971, ' ТКАЧУК ОЛЕКСАНДР МИКОЛАЙОВИЧ', 201);
INSERT INTO student (student_id, fullName, group_group_id) VALUES (3981, ' МЕЛЬНИК ВАСИЛЬ ДМИТРОВИЧ', 201);
INSERT INTO student (student_id, fullName, group_group_id) VALUES (3991, ' ПЕТРЕНКО МИКОЛА ВАСИЛЬОВИЧ', 201);
INSERT INTO student (student_id, fullName, group_group_id) VALUES (4001, ' ШЕВЧЕНКО ЛЮДМИЛА ОЛЕКСАНДРІВНА', 211);
INSERT INTO student (student_id, fullName, group_group_id) VALUES (4011, ' КОВАЛЬЧУК ОЛЬГА МИКОЛАЇВНА', 211);
INSERT INTO student (student_id, fullName, group_group_id) VALUES (4021, ' ОЛІЙНИК ВОЛОДИМИР ПЕТРОВИЧ', 211);
INSERT INTO student (student_id, fullName, group_group_id) VALUES (4031, ' ПАВЛЕНКО ОЛЬГА ІВАНІВНА', 211);
INSERT INTO student (student_id, fullName, group_group_id) VALUES (4041, ' РОМАНЕНКО ЛЮДМИЛА МИКОЛАЇВНА', 211);
INSERT INTO student (student_id, fullName, group_group_id) VALUES (4051, ' ПАВЛЕНКО МИКОЛА ГРИГОРОВИЧ', 211);
INSERT INTO student (student_id, fullName, group_group_id) VALUES (4061, ' КЛИМЕНКО ТЕТЯНА МИКОЛАЇВНА', 211);
INSERT INTO student (student_id, fullName, group_group_id) VALUES (4071, ' БОНДАР ОЛЕНА ІВАНІВНА', 211);
INSERT INTO student (student_id, fullName, group_group_id) VALUES (4081, ' КУШНІР ГАЛИНА ВАСИЛІВНА', 211);
INSERT INTO student (student_id, fullName, group_group_id) VALUES (4091, ' КОРОЛЬ МАРІЯ ІВАНІВНА', 211);
INSERT INTO student (student_id, fullName, group_group_id) VALUES (4101, ' РОМАНЕНКО НАДІЯ ІВАНІВНА', 211);
INSERT INTO student (student_id, fullName, group_group_id) VALUES (4111, ' ВОВК ГАННА ПЕТРІВНА', 211);
INSERT INTO student (student_id, fullName, group_group_id) VALUES (4121, ' КРАВЧЕНКО ЮРІЙ МИКОЛАЙОВИЧ', 211);
INSERT INTO student (student_id, fullName, group_group_id) VALUES (4131, ' БІЛИЙ МИКОЛА МИКОЛАЙОВИЧ', 211);
INSERT INTO student (student_id, fullName, group_group_id) VALUES (4141, ' АВРАМЕНКО ОЛЕКСАНДР ІВАНОВИЧ', 211);
INSERT INTO student (student_id, fullName, group_group_id) VALUES (4151, ' МЕЛЬНИК НАДІЯ МИКОЛАЇВНА', 211);
INSERT INTO student (student_id, fullName, group_group_id) VALUES (4161, ' ШЕВЧЕНКО ПЕТРО МИКОЛАЙОВИЧ', 211);
INSERT INTO student (student_id, fullName, group_group_id) VALUES (4171, ' ЗАЄЦЬ ГАННА ІВАНІВНА', 211);
INSERT INTO student (student_id, fullName, group_group_id) VALUES (4181, ' МЕЛЬНИК ВАЛЕНТИНА ПЕТРІВНА', 211);
INSERT INTO student (student_id, fullName, group_group_id) VALUES (4191, ' ОЛІЙНИК ВОЛОДИМИР ГРИГОРОВИЧ', 211);
INSERT INTO student (student_id, fullName, group_group_id) VALUES (4201, ' КОВТУН МИКОЛА ІВАНОВИЧ', 221);
INSERT INTO student (student_id, fullName, group_group_id) VALUES (4211, ' ПОПОВА НІНА ІВАНІВНА', 221);
INSERT INTO student (student_id, fullName, group_group_id) VALUES (4221, ' КОСТЕНКО ІВАН ІВАНОВИЧ', 221);
INSERT INTO student (student_id, fullName, group_group_id) VALUES (4231, ' ГУМЕНЮК МИКОЛА МИКОЛАЙОВИЧ', 221);
INSERT INTO student (student_id, fullName, group_group_id) VALUES (4241, ' КОВАЛЬОВ СЕРГІЙ ІВАНОВИЧ', 221);
INSERT INTO student (student_id, fullName, group_group_id) VALUES (4251, ' КОЗЛОВ ВОЛОДИМИР МИКОЛАЙОВИЧ', 221);
INSERT INTO student (student_id, fullName, group_group_id) VALUES (4261, ' КОСТЕНКО АНАТОЛІЙ ІВАНОВИЧ', 221);
INSERT INTO student (student_id, fullName, group_group_id) VALUES (4271, ' БОНДАРЕНКО СЕРГІЙ ВІКТОРОВИЧ', 221);
INSERT INTO student (student_id, fullName, group_group_id) VALUES (4281, ' СЕРГІЄНКО ВАЛЕНТИНА ІВАНІВНА', 221);
INSERT INTO student (student_id, fullName, group_group_id) VALUES (4291, ' ТКАЧУК НАДІЯ ІВАНІВНА', 221);
INSERT INTO student (student_id, fullName, group_group_id) VALUES (4301, ' ЧОРНА ЛЮДМИЛА ІВАНІВНА', 221);
INSERT INTO student (student_id, fullName, group_group_id) VALUES (4311, ' ТКАЧЕНКО ЛЮБОВ МИКОЛАЇВНА', 221);
INSERT INTO student (student_id, fullName, group_group_id) VALUES (4321, ' МАРЧУК ГАННА ІВАНІВНА', 221);
INSERT INTO student (student_id, fullName, group_group_id) VALUES (4331, ' ШЕВЧЕНКО ОЛЬГА МИКОЛАЇВНА', 221);
INSERT INTO student (student_id, fullName, group_group_id) VALUES (4341, ' КОЛОМІЄЦЬ ТЕТЯНА МИКОЛАЇВНА', 221);
INSERT INTO student (student_id, fullName, group_group_id) VALUES (4351, ' ОЛІЙНИК ЛІДІЯ ВАСИЛІВНА', 221);
INSERT INTO student (student_id, fullName, group_group_id) VALUES (4361, ' СЕМЕНЮК МАРІЯ МИХАЙЛІВНА', 221);
INSERT INTO student (student_id, fullName, group_group_id) VALUES (4371, ' КОСТЕНКО ВАЛЕНТИНА ІВАНІВНА', 221);
INSERT INTO student (student_id, fullName, group_group_id) VALUES (4381, ' ДАНИЛЮК ГАЛИНА ІВАНІВНА', 221);
INSERT INTO student (student_id, fullName, group_group_id) VALUES (4391, ' МАРЧЕНКО ВАЛЕНТИНА МИКОЛАЇВНА', 221);
INSERT INTO student (student_id, fullName, group_group_id) VALUES (4401, ' ЛИСЕНКО ОЛЬГА МИКОЛАЇВНА', 231);
INSERT INTO student (student_id, fullName, group_group_id) VALUES (4411, ' ШЕВЧУК ГАННА ІВАНІВНА', 231);
INSERT INTO student (student_id, fullName, group_group_id) VALUES (4421, ' МАЗУР ГАННА ПЕТРІВНА', 231);
INSERT INTO student (student_id, fullName, group_group_id) VALUES (4431, ' ІВАНОВ СЕРГІЙ МИХАЙЛОВИЧ', 231);
INSERT INTO student (student_id, fullName, group_group_id) VALUES (4441, ' РОМАНЮК ОЛЕКСАНДР ВОЛОДИМИРОВИЧ', 231);
INSERT INTO student (student_id, fullName, group_group_id) VALUES (4451, ' БОЙКО МИХАЙЛО ГРИГОРОВИЧ', 231);
INSERT INTO student (student_id, fullName, group_group_id) VALUES (4461, ' МАЗУР ГАННА ІВАНІВНА', 231);
INSERT INTO student (student_id, fullName, group_group_id) VALUES (4471, ' БОНДАРЕНКО ГАННА ІВАНІВНА', 231);
INSERT INTO student (student_id, fullName, group_group_id) VALUES (4481, ' ШЕВЧЕНКО МИКОЛА ДМИТРОВИЧ', 231);
INSERT INTO student (student_id, fullName, group_group_id) VALUES (4491, ' ШЕВЧЕНКО ВІКТОР ІВАНОВИЧ', 231);
INSERT INTO student (student_id, fullName, group_group_id) VALUES (4501, ' КОСТЕНКО ОЛЕКСАНДР ІВАНОВИЧ', 231);
INSERT INTO student (student_id, fullName, group_group_id) VALUES (4511, ' ШАПОВАЛ ВОЛОДИМИР МИКОЛАЙОВИЧ', 231);
INSERT INTO student (student_id, fullName, group_group_id) VALUES (4521, ' КОВАЛЬЧУК АНАТОЛІЙ ІВАНОВИЧ', 231);
INSERT INTO student (student_id, fullName, group_group_id) VALUES (4531, ' МЕЛЬНИК ГАЛИНА ДМИТРІВНА', 231);
INSERT INTO student (student_id, fullName, group_group_id) VALUES (4541, ' СЕМЕНЮК ГАЛИНА ВАСИЛІВНА', 231);
INSERT INTO student (student_id, fullName, group_group_id) VALUES (4551, ' ЛИСЕНКО ОЛЬГА МИКОЛАЇВНА', 231);
INSERT INTO student (student_id, fullName, group_group_id) VALUES (4561, ' МЕЛЬНИЧУК ВАСИЛЬ МИКОЛАЙОВИЧ', 231);
INSERT INTO student (student_id, fullName, group_group_id) VALUES (4571, ' КУЗЬМЕНКО ТЕТЯНА МИКОЛАЇВНА', 231);
INSERT INTO student (student_id, fullName, group_group_id) VALUES (4581, ' КОВАЛЬЧУК ІВАН МИКОЛАЙОВИЧ', 231);
INSERT INTO student (student_id, fullName, group_group_id) VALUES (4591, ' ШЕВЧЕНКО ОЛЬГА МИКОЛАЇВНА', 231);
INSERT INTO student (student_id, fullName, group_group_id) VALUES (4601, ' ПОЛІЩУК ВАЛЕНТИНА ІВАНІВНА', 241);
INSERT INTO student (student_id, fullName, group_group_id) VALUES (4611, ' БОЙКО МИХАЙЛО ГРИГОРОВИЧ', 241);
INSERT INTO student (student_id, fullName, group_group_id) VALUES (4621, ' ПРОКОПЕНКО ГАННА ІВАНІВНА', 241);
INSERT INTO student (student_id, fullName, group_group_id) VALUES (4631, ' МЕЛЬНИЧУК ВАСИЛЬ ІВАНОВИЧ', 241);
INSERT INTO student (student_id, fullName, group_group_id) VALUES (4641, ' КРАВЧЕНКО ВАСИЛЬ МИКОЛАЙОВИЧ', 241);
INSERT INTO student (student_id, fullName, group_group_id) VALUES (4651, ' РОМАНЮК ЛЮБОВ ІВАНІВНА', 241);
INSERT INTO student (student_id, fullName, group_group_id) VALUES (4661, ' КОВАЛЬ НАТАЛІЯ ВАСИЛІВНА', 241);
INSERT INTO student (student_id, fullName, group_group_id) VALUES (4671, ' САВЧУК ВАСИЛЬ ПЕТРОВИЧ', 241);
INSERT INTO student (student_id, fullName, group_group_id) VALUES (4681, ' ПАНЧЕНКО ТЕТЯНА МИКОЛАЇВНА', 241);
INSERT INTO student (student_id, fullName, group_group_id) VALUES (4691, ' ТКАЧУК ВОЛОДИМИР МИКОЛАЙОВИЧ', 241);
INSERT INTO student (student_id, fullName, group_group_id) VALUES (4701, ' КОЛОМІЄЦЬ ВОЛОДИМИР МИКОЛАЙОВИЧ', 241);
INSERT INTO student (student_id, fullName, group_group_id) VALUES (4711, ' СОРОКА ГАННА ІВАНІВНА', 241);
INSERT INTO student (student_id, fullName, group_group_id) VALUES (4721, ' КАРПЕНКО НАТАЛІЯ ІВАНІВНА', 241);
INSERT INTO student (student_id, fullName, group_group_id) VALUES (4731, ' БОЙКО КАТЕРИНА МИКОЛАЇВНА', 241);
INSERT INTO student (student_id, fullName, group_group_id) VALUES (4741, ' КОВАЛЬ ОЛЕНА МИКОЛАЇВНА', 241);
INSERT INTO student (student_id, fullName, group_group_id) VALUES (4751, ' КОВАЛЕНКО ВІТАЛІЙ МИКОЛАЙОВИЧ', 241);
INSERT INTO student (student_id, fullName, group_group_id) VALUES (4761, ' КРАВЧУК СЕРГІЙ ІВАНОВИЧ', 241);
INSERT INTO student (student_id, fullName, group_group_id) VALUES (4771, ' КЛИМЕНКО ТЕТЯНА МИКОЛАЇВНА', 241);
INSERT INTO student (student_id, fullName, group_group_id) VALUES (4781, ' БОЙКО ОЛЬГА ОЛЕКСАНДРІВНА', 241);
INSERT INTO student (student_id, fullName, group_group_id) VALUES (4791, ' ХАРЧЕНКО НАДІЯ ІВАНІВНА', 241);
INSERT INTO student (student_id, fullName, group_group_id) VALUES (4801, ' РОМАНЕНКО ОЛЕНА ІВАНІВНА', 251);
INSERT INTO student (student_id, fullName, group_group_id) VALUES (4811, ' ВАСИЛЕНКО ОЛЕКСАНДР ІВАНОВИЧ', 251);
INSERT INTO student (student_id, fullName, group_group_id) VALUES (4821, ' ОЛІЙНИК МАРІЯ ГРИГОРІВНА', 251);
INSERT INTO student (student_id, fullName, group_group_id) VALUES (4831, ' ШЕВЧЕНКО ОЛЕКСАНДР МИКОЛАЙОВИЧ', 251);
INSERT INTO student (student_id, fullName, group_group_id) VALUES (4841, ' ПЕТРЕНКО ВІКТОР ІВАНОВИЧ', 251);
INSERT INTO student (student_id, fullName, group_group_id) VALUES (4851, ' ДЕМЧЕНКО ГАННА ІВАНІВНА', 251);
INSERT INTO student (student_id, fullName, group_group_id) VALUES (4861, ' БОНДАРЕНКО КАТЕРИНА ІВАНІВНА', 251);
INSERT INTO student (student_id, fullName, group_group_id) VALUES (4871, ' КОВАЛЬОВА ГАЛИНА ІВАНІВНА', 251);
INSERT INTO student (student_id, fullName, group_group_id) VALUES (4881, ' ШЕВЧУК ТЕТЯНА ВОЛОДИМИРІВНА', 251);
INSERT INTO student (student_id, fullName, group_group_id) VALUES (4891, ' ШЕВЧЕНКО ЛІДІЯ ІВАНІВНА', 251);
INSERT INTO student (student_id, fullName, group_group_id) VALUES (4901, ' ШАПОВАЛОВА ВАЛЕНТИНА ІВАНІВНА', 251);
INSERT INTO student (student_id, fullName, group_group_id) VALUES (4911, ' БОЙКО ГАННА МИХАЙЛІВНА', 251);
INSERT INTO student (student_id, fullName, group_group_id) VALUES (4921, ' ТКАЧЕНКО ВОЛОДИМИР ФЕДОРОВИЧ', 251);
INSERT INTO student (student_id, fullName, group_group_id) VALUES (4931, ' МЕЛЬНИК АНАТОЛІЙ МИКОЛАЙОВИЧ', 251);
INSERT INTO student (student_id, fullName, group_group_id) VALUES (4941, ' ПОПОВИЧ ГАННА ВАСИЛІВНА', 251);
INSERT INTO student (student_id, fullName, group_group_id) VALUES (4951, ' МАКАРЕНКО МАРІЯ ІВАНІВНА', 251);
INSERT INTO student (student_id, fullName, group_group_id) VALUES (4961, ' КОВАЛЬЧУК МАРІЯ МИКОЛАЇВНА', 251);
INSERT INTO student (student_id, fullName, group_group_id) VALUES (4971, ' МЕЛЬНИК НАДІЯ МИКОЛАЇВНА', 251);
INSERT INTO student (student_id, fullName, group_group_id) VALUES (4981, ' СИДОРЕНКО МАРІЯ ПЕТРІВНА', 251);
INSERT INTO student (student_id, fullName, group_group_id) VALUES (7001, ' БОЙКО МАРІЯ СТЕПАНІВНА', 251);
INSERT INTO student (student_id, fullName, group_group_id) VALUES (7011, ' МОСКАЛЕНКО НАДІЯ ІВАНІВНА', 261);
INSERT INTO student (student_id, fullName, group_group_id) VALUES (7021, ' БОНДАРЕНКО МИКОЛА МИХАЙЛОВИЧ', 261);
INSERT INTO student (student_id, fullName, group_group_id) VALUES (7031, ' КРАВЧУК ВАЛЕНТИНА ІВАНІВНА', 261);
INSERT INTO student (student_id, fullName, group_group_id) VALUES (7041, ' НАУМЕНКО МИКОЛА МИКОЛАЙОВИЧ', 261);
INSERT INTO student (student_id, fullName, group_group_id) VALUES (7051, ' МЕЛЬНИК ПЕТРО ГРИГОРОВИЧ', 261);
INSERT INTO student (student_id, fullName, group_group_id) VALUES (7061, ' БОНДАРЕНКО ІРИНА МИКОЛАЇВНА', 261);
INSERT INTO student (student_id, fullName, group_group_id) VALUES (7071, ' ХОМЕНКО ОЛЕКСАНДР ВАСИЛЬОВИЧ', 261);
INSERT INTO student (student_id, fullName, group_group_id) VALUES (7081, ' ЧОРНИЙ ВОЛОДИМИР ІВАНОВИЧ', 261);
INSERT INTO student (student_id, fullName, group_group_id) VALUES (7091, ' ДОРОШЕНКО МАРІЯ ІВАНІВНА', 261);
INSERT INTO student (student_id, fullName, group_group_id) VALUES (7101, ' БОНДАРЕНКО ОЛЕКСАНДР МИХАЙЛОВИЧ', 261);
INSERT INTO student (student_id, fullName, group_group_id) VALUES (7111, ' БОНДАРЕНКО ОЛЕНА ВОЛОДИМИРІВНА', 261);
INSERT INTO student (student_id, fullName, group_group_id) VALUES (7121, ' ПРИХОДЬКО ІВАН ІВАНОВИЧ', 261);
INSERT INTO student (student_id, fullName, group_group_id) VALUES (7131, ' МОРОЗ ВІКТОР МИКОЛАЙОВИЧ', 261);
INSERT INTO student (student_id, fullName, group_group_id) VALUES (7141, ' ІВАНОВА ЛЮДМИЛА МИКОЛАЇВНА', 261);
INSERT INTO student (student_id, fullName, group_group_id) VALUES (7151, ' БУГАЙ МАРІЯ ІВАНІВНА', 261);
INSERT INTO student (student_id, fullName, group_group_id) VALUES (7161, ' КРАВЧЕНКО МИКОЛА ПЕТРОВИЧ', 261);
INSERT INTO student (student_id, fullName, group_group_id) VALUES (7171, ' САВЧЕНКО АНАТОЛІЙ МИКОЛАЙОВИЧ', 261);
INSERT INTO student (student_id, fullName, group_group_id) VALUES (7181, ' КРАВЧУК ВАСИЛЬ ВАСИЛЬОВИЧ', 261);
INSERT INTO student (student_id, fullName, group_group_id) VALUES (7191, ' ПОПОВИЧ МАРІЯ ВАСИЛІВНА', 261);
INSERT INTO student (student_id, fullName, group_group_id) VALUES (7201, ' КРАВЕЦЬ ОЛЕКСАНДР ВАСИЛЬОВИЧ', 261);
INSERT INTO student (student_id, fullName, group_group_id) VALUES (7211, ' КИРИЧЕНКО МИКОЛА ІВАНОВИЧ', 271);
INSERT INTO student (student_id, fullName, group_group_id) VALUES (7221, ' ОЛІЙНИК ВОЛОДИМИР МИХАЙЛОВИЧ', 271);
INSERT INTO student (student_id, fullName, group_group_id) VALUES (7231, ' ШЕВЧЕНКО ОЛЕНА ВАСИЛІВНА', 271);
INSERT INTO student (student_id, fullName, group_group_id) VALUES (7241, ' ПАВЛЕНКО ГАННА ІВАНІВНА', 271);
INSERT INTO student (student_id, fullName, group_group_id) VALUES (7251, ' БОНДАРЕНКО НІНА ГРИГОРІВНА', 271);
INSERT INTO student (student_id, fullName, group_group_id) VALUES (7261, ' БОНДАРЕНКО ВОЛОДИМИР МИХАЙЛОВИЧ', 271);
INSERT INTO student (student_id, fullName, group_group_id) VALUES (7271, ' ПЕТРЕНКО АНАТОЛІЙ ІВАНОВИЧ', 271);
INSERT INTO student (student_id, fullName, group_group_id) VALUES (7281, ' МЕЛЬНИК ВОЛОДИМИР ІВАНОВИЧ', 271);
INSERT INTO student (student_id, fullName, group_group_id) VALUES (7291, ' КОВАЛЬ МИХАЙЛО ІВАНОВИЧ', 271);
INSERT INTO student (student_id, fullName, group_group_id) VALUES (7301, ' МАРТИНЮК ВАСИЛЬ ІВАНОВИЧ', 271);
INSERT INTO student (student_id, fullName, group_group_id) VALUES (7311, ' КРАВЧУК ВОЛОДИМИР ВАСИЛЬОВИЧ', 271);
INSERT INTO student (student_id, fullName, group_group_id) VALUES (7321, ' ШЕВЧЕНКО ГАННА ВОЛОДИМИРІВНА', 271);
INSERT INTO student (student_id, fullName, group_group_id) VALUES (7331, ' ПОПОВА ЛЮДМИЛА ІВАНІВНА', 271);
INSERT INTO student (student_id, fullName, group_group_id) VALUES (7341, ' КУЗЬМЕНКО ІВАН ІВАНОВИЧ', 271);
INSERT INTO student (student_id, fullName, group_group_id) VALUES (7351, ' ПИЛИПЕНКО ГАННА ІВАНІВНА', 271);
INSERT INTO student (student_id, fullName, group_group_id) VALUES (7361, ' МЕЛЬНИК НАДІЯ ВАСИЛІВНА', 271);
INSERT INTO student (student_id, fullName, group_group_id) VALUES (7371, ' МЕЛЬНИЧУК ІВАН ІВАНОВИЧ', 271);
INSERT INTO student (student_id, fullName, group_group_id) VALUES (7381, ' МЕЛЬНИК НАДІЯ ГРИГОРІВНА', 271);
INSERT INTO student (student_id, fullName, group_group_id) VALUES (7391, ' БОНДАР МАРІЯ ФЕДОРІВНА', 271);
INSERT INTO student (student_id, fullName, group_group_id) VALUES (7401, ' КЛИМЕНКО ВІКТОР ВАСИЛЬОВИЧ', 271);
INSERT INTO student (student_id, fullName, group_group_id) VALUES (7411, ' МИХАЙЛЮК МАРІЯ ІВАНІВНА', 281);
INSERT INTO student (student_id, fullName, group_group_id) VALUES (7421, ' ПРИХОДЬКО МИКОЛА ВАСИЛЬОВИЧ', 281);
INSERT INTO student (student_id, fullName, group_group_id) VALUES (7431, ' ЛУЦЕНКО МАРІЯ ІВАНІВНА', 281);
INSERT INTO student (student_id, fullName, group_group_id) VALUES (7441, ' ШЕВЧЕНКО ВАЛЕНТИНА ФЕДОРІВНА', 281);
INSERT INTO student (student_id, fullName, group_group_id) VALUES (7451, ' ЖУК ГАННА ІВАНІВНА', 281);
INSERT INTO student (student_id, fullName, group_group_id) VALUES (7461, ' ДАВИДЕНКО МИКОЛА МИКОЛАЙОВИЧ', 281);
INSERT INTO student (student_id, fullName, group_group_id) VALUES (7471, ' СТАСЮК ВОЛОДИМИР ІВАНОВИЧ', 281);
INSERT INTO student (student_id, fullName, group_group_id) VALUES (7481, ' ЛЕВЧЕНКО МАРІЯ ІВАНІВНА', 281);
INSERT INTO student (student_id, fullName, group_group_id) VALUES (7491, ' ОЛІЙНИК ІВАН ПЕТРОВИЧ', 281);
INSERT INTO student (student_id, fullName, group_group_id) VALUES (7501, ' НАЗАРЕНКО ІВАН ІВАНОВИЧ', 281);
INSERT INTO student (student_id, fullName, group_group_id) VALUES (7511, ' ТКАЧЕНКО ЮРІЙ ІВАНОВИЧ', 281);
INSERT INTO student (student_id, fullName, group_group_id) VALUES (7521, ' КОВАЛЬОВА ГАННА ІВАНІВНА', 281);
INSERT INTO student (student_id, fullName, group_group_id) VALUES (7531, ' МЕЛЬНИК ЛЮДМИЛА ВАСИЛІВНА', 281);
INSERT INTO student (student_id, fullName, group_group_id) VALUES (7541, ' КОВАЛЕНКО МАРІЯ ГРИГОРІВНА', 281);
INSERT INTO student (student_id, fullName, group_group_id) VALUES (7551, ' ПАВЛЮК ВАСИЛЬ МИКОЛАЙОВИЧ', 281);
INSERT INTO student (student_id, fullName, group_group_id) VALUES (7561, ' КРАВЧУК МАРІЯ ВАСИЛІВНА', 281);
INSERT INTO student (student_id, fullName, group_group_id) VALUES (7571, ' ОЛІЙНИК ВІКТОР ВАСИЛЬОВИЧ', 281);
INSERT INTO student (student_id, fullName, group_group_id) VALUES (7581, ' КОВАЛЕНКО НАДІЯ ІВАНІВНА', 281);
INSERT INTO student (student_id, fullName, group_group_id) VALUES (7591, ' ОЛІЙНИК ВОЛОДИМИР ВАСИЛЬОВИЧ', 281);
INSERT INTO student (student_id, fullName, group_group_id) VALUES (7601, ' МЕЛЬНИК СЕРГІЙ ІВАНОВИЧ', 281);
INSERT INTO student (student_id, fullName, group_group_id) VALUES (7611, ' ПОПОВИЧ ОЛЬГА ІВАНІВНА', 291);
INSERT INTO student (student_id, fullName, group_group_id) VALUES (7621, ' ПОНОМАРЕНКО ОЛЕКСАНДР МИКОЛАЙОВИЧ', 291);
INSERT INTO student (student_id, fullName, group_group_id) VALUES (7631, ' СТЕЦЕНКО ГАННА ІВАНІВНА', 291);
INSERT INTO student (student_id, fullName, group_group_id) VALUES (7641, ' КОВТУН ІВАН ІВАНОВИЧ', 291);
INSERT INTO student (student_id, fullName, group_group_id) VALUES (7651, ' РОМАНЮК НАТАЛІЯ МИКОЛАЇВНА', 291);
INSERT INTO student (student_id, fullName, group_group_id) VALUES (7661, ' ДЯЧЕНКО ЛЮДМИЛА ІВАНІВНА', 291);
INSERT INTO student (student_id, fullName, group_group_id) VALUES (7671, ' РУДЕНКО НАДІЯ ІВАНІВНА', 291);
INSERT INTO student (student_id, fullName, group_group_id) VALUES (7681, ' ТКАЧЕНКО ІВАН ПЕТРОВИЧ', 291);
INSERT INTO student (student_id, fullName, group_group_id) VALUES (7691, ' ФЕДОРЕНКО ГАННА ІВАНІВНА', 291);
INSERT INTO student (student_id, fullName, group_group_id) VALUES (7701, ' ГРИЦЕНКО ГАННА ІВАНІВНА', 291);
INSERT INTO student (student_id, fullName, group_group_id) VALUES (7711, ' ПОЛІЩУК ОЛЕНА ІВАНІВНА', 291);
INSERT INTO student (student_id, fullName, group_group_id) VALUES (7721, ' КОВТУН ЛЮДМИЛА МИКОЛАЇВНА', 291);
INSERT INTO student (student_id, fullName, group_group_id) VALUES (7731, ' ДАНИЛЮК ГАЛИНА ІВАНІВНА', 291);
INSERT INTO student (student_id, fullName, group_group_id) VALUES (7741, ' ШАПОВАЛ МИКОЛА ІВАНОВИЧ', 291);
INSERT INTO student (student_id, fullName, group_group_id) VALUES (7751, ' КАРПЕНКО ВАСИЛЬ ІВАНОВИЧ', 291);
INSERT INTO student (student_id, fullName, group_group_id) VALUES (7761, ' РУДЕНКО ВАЛЕНТИНА ВАСИЛІВНА', 291);
INSERT INTO student (student_id, fullName, group_group_id) VALUES (7771, ' САВЧУК ЛЮДМИЛА ВАСИЛІВНА', 291);
INSERT INTO student (student_id, fullName, group_group_id) VALUES (7781, ' МЕЛЬНИК ВІРА ІВАНІВНА', 291);
INSERT INTO student (student_id, fullName, group_group_id) VALUES (7791, ' ПОНОМАРЕНКО НАДІЯ ІВАНІВНА', 291);
INSERT INTO student (student_id, fullName, group_group_id) VALUES (7801, ' МЕЛЬНИК НІНА ІВАНІВНА', 291);
INSERT INTO student (student_id, fullName, group_group_id) VALUES (7811, ' ГОРДІЄНКО ВАЛЕНТИНА ІВАНІВНА', 301);
INSERT INTO student (student_id, fullName, group_group_id) VALUES (7821, ' ЛИСЕНКО ОЛЕКСАНДР ОЛЕКСАНДРОВИЧ', 301);
INSERT INTO student (student_id, fullName, group_group_id) VALUES (7831, ' МОРОЗ ІВАН ПЕТРОВИЧ', 301);
INSERT INTO student (student_id, fullName, group_group_id) VALUES (7841, ' КУЗЬМЕНКО ВІКТОР ІВАНОВИЧ', 301);
INSERT INTO student (student_id, fullName, group_group_id) VALUES (7851, ' МЕЛЬНИК ІВАН ВОЛОДИМИРОВИЧ', 301);
INSERT INTO student (student_id, fullName, group_group_id) VALUES (7861, ' ІВАНЮК МАРІЯ ІВАНІВНА', 301);
INSERT INTO student (student_id, fullName, group_group_id) VALUES (7871, ' ТКАЧЕНКО ТЕТЯНА МИКОЛАЇВНА', 301);
INSERT INTO student (student_id, fullName, group_group_id) VALUES (7881, ' САВЧУК ГАННА ІВАНІВНА', 301);
INSERT INTO student (student_id, fullName, group_group_id) VALUES (7891, ' ПАВЛЕНКО НІНА ІВАНІВНА', 301);
INSERT INTO student (student_id, fullName, group_group_id) VALUES (7901, ' ПАРХОМЕНКО МИКОЛА ІВАНОВИЧ', 301);
INSERT INTO student (student_id, fullName, group_group_id) VALUES (7911, ' СКРИПНИК ГАННА ІВАНІВНА', 301);
INSERT INTO student (student_id, fullName, group_group_id) VALUES (7921, ' ПЕТРЕНКО ГАННА МИКОЛАЇВНА', 301);
INSERT INTO student (student_id, fullName, group_group_id) VALUES (7931, ' ТКАЧУК ВАЛЕНТИНА МИКОЛАЇВНА', 301);
INSERT INTO student (student_id, fullName, group_group_id) VALUES (7941, ' СЕРГІЄНКО ВАЛЕНТИНА ІВАНІВНА', 301);
INSERT INTO student (student_id, fullName, group_group_id) VALUES (7951, ' ПОЛІЩУК ВОЛОДИМИР МИКОЛАЙОВИЧ', 301);
INSERT INTO student (student_id, fullName, group_group_id) VALUES (7961, ' ШВЕЦЬ ОЛЕКСАНДР ІВАНОВИЧ', 301);
INSERT INTO student (student_id, fullName, group_group_id) VALUES (7971, ' ІВАНОВ МИКОЛА МИХАЙЛОВИЧ', 301);
INSERT INTO student (student_id, fullName, group_group_id) VALUES (7981, ' ТКАЧЕНКО ГАННА СТЕПАНІВНА', 301);
INSERT INTO student (student_id, fullName, group_group_id) VALUES (7991, ' КРАВЧЕНКО СЕРГІЙ МИКОЛАЙОВИЧ', 301);
INSERT INTO student (student_id, fullName, group_group_id) VALUES (8001, ' БІЛОУС ВОЛОДИМИР ІВАНОВИЧ', 301);
INSERT INTO student (student_id, fullName, group_group_id) VALUES (8011, ' БОЙКО ОЛЕНА ВАСИЛІВНА', 311);
INSERT INTO student (student_id, fullName, group_group_id) VALUES (8021, ' МОСКАЛЕНКО НАДІЯ ІВАНІВНА', 311);
INSERT INTO student (student_id, fullName, group_group_id) VALUES (8031, ' ОЛІЙНИК ВАЛЕНТИНА ІВАНІВНА', 311);
INSERT INTO student (student_id, fullName, group_group_id) VALUES (8041, ' ОСТАПЕНКО МИКОЛА ІВАНОВИЧ', 311);
INSERT INTO student (student_id, fullName, group_group_id) VALUES (8051, ' ПОЛІЩУК АНАТОЛІЙ ІВАНОВИЧ', 311);
INSERT INTO student (student_id, fullName, group_group_id) VALUES (8061, ' СТАСЮК ВОЛОДИМИР ІВАНОВИЧ', 311);
INSERT INTO student (student_id, fullName, group_group_id) VALUES (8071, ' РАДЧЕНКО ВАЛЕНТИНА ІВАНІВНА', 311);
INSERT INTO student (student_id, fullName, group_group_id) VALUES (8081, ' ОЛІЙНИК НАТАЛІЯ ВАСИЛІВНА', 311);
INSERT INTO student (student_id, fullName, group_group_id) VALUES (8091, ' МАРТИНЕНКО ВОЛОДИМИР ІВАНОВИЧ', 311);
INSERT INTO student (student_id, fullName, group_group_id) VALUES (8101, ' ХАРЧЕНКО МАРІЯ ІВАНІВНА', 311);
INSERT INTO student (student_id, fullName, group_group_id) VALUES (8111, ' КОВАЛЬОВ ОЛЕКСАНДР ІВАНОВИЧ', 311);
INSERT INTO student (student_id, fullName, group_group_id) VALUES (8121, ' ТКАЧЕНКО ЮРІЙ ІВАНОВИЧ', 311);
INSERT INTO student (student_id, fullName, group_group_id) VALUES (8131, ' КОВАЛЕНКО ТЕТЯНА ОЛЕКСАНДРІВНА', 311);
INSERT INTO student (student_id, fullName, group_group_id) VALUES (8141, ' ФЕДОРЕНКО ГАННА ІВАНІВНА', 311);
INSERT INTO student (student_id, fullName, group_group_id) VALUES (8151, ' БОНДАРЕНКО СЕРГІЙ ВОЛОДИМИРОВИЧ', 311);
INSERT INTO student (student_id, fullName, group_group_id) VALUES (8161, ' МАКАРЕНКО МИКОЛА ІВАНОВИЧ', 311);
INSERT INTO student (student_id, fullName, group_group_id) VALUES (8171, ' КОЛІСНИК ВОЛОДИМИР ІВАНОВИЧ', 311);
INSERT INTO student (student_id, fullName, group_group_id) VALUES (8181, ' КОВАЛЕНКО МИКОЛА ВОЛОДИМИРОВИЧ', 311);
INSERT INTO student (student_id, fullName, group_group_id) VALUES (8191, ' РУДЕНКО ЛЮБОВ ВАСИЛІВНА', 311);
INSERT INTO student (student_id, fullName, group_group_id) VALUES (8201, ' ШЕВЧЕНКО КАТЕРИНА ПЕТРІВНА', 311);
INSERT INTO student (student_id, fullName, group_group_id) VALUES (8211, ' БОНДАРЕНКО ІВАН МИХАЙЛОВИЧ', 321);
INSERT INTO student (student_id, fullName, group_group_id) VALUES (8221, ' ШЕВЧЕНКО НАДІЯ ІВАНІВНА', 321);
INSERT INTO student (student_id, fullName, group_group_id) VALUES (8231, ' АВРАМЕНКО ОЛЕКСАНДР ІВАНОВИЧ', 321);
INSERT INTO student (student_id, fullName, group_group_id) VALUES (8241, ' МОРОЗ ВОЛОДИМИР ВАСИЛЬОВИЧ', 321);
INSERT INTO student (student_id, fullName, group_group_id) VALUES (8251, ' ШВЕЦЬ ТЕТЯНА ІВАНІВНА', 321);
INSERT INTO student (student_id, fullName, group_group_id) VALUES (8261, ' ТКАЧУК ВОЛОДИМИР МИКОЛАЙОВИЧ', 321);
INSERT INTO student (student_id, fullName, group_group_id) VALUES (8271, ' ПАВЛЮК ВАСИЛЬ МИКОЛАЙОВИЧ', 321);
INSERT INTO student (student_id, fullName, group_group_id) VALUES (8281, ' ТКАЧУК СВІТЛАНА ВОЛОДИМИРІВНА', 321);
INSERT INTO student (student_id, fullName, group_group_id) VALUES (8291, ' САВЧУК МАРІЯ СТЕПАНІВНА', 321);
INSERT INTO student (student_id, fullName, group_group_id) VALUES (8301, ' БОЙКО ВАЛЕНТИНА ВОЛОДИМИРІВНА', 321);
INSERT INTO student (student_id, fullName, group_group_id) VALUES (8311, ' ГОНЧАРОВ ВОЛОДИМИР ІВАНОВИЧ', 321);
INSERT INTO student (student_id, fullName, group_group_id) VALUES (8321, ' ШЕВЧЕНКО НАДІЯ ГРИГОРІВНА', 321);
INSERT INTO student (student_id, fullName, group_group_id) VALUES (8331, ' КОВАЛЬЧУК МИКОЛА ВОЛОДИМИРОВИЧ', 321);
INSERT INTO student (student_id, fullName, group_group_id) VALUES (8341, ' КОВТУН НАДІЯ ІВАНІВНА', 321);
INSERT INTO student (student_id, fullName, group_group_id) VALUES (8351, ' ДЯЧЕНКО СЕРГІЙ МИКОЛАЙОВИЧ', 321);
INSERT INTO student (student_id, fullName, group_group_id) VALUES (8361, ' ПРИХОДЬКО НАТАЛІЯ МИКОЛАЇВНА', 321);
INSERT INTO student (student_id, fullName, group_group_id) VALUES (8371, ' САВЧЕНКО ВАСИЛЬ ІВАНОВИЧ', 321);
INSERT INTO student (student_id, fullName, group_group_id) VALUES (8381, ' БОЙКО ГАННА ПЕТРІВНА', 321);
INSERT INTO student (student_id, fullName, group_group_id) VALUES (8391, ' КОВАЛЕНКО ГРИГОРІЙ ІВАНОВИЧ', 321);
INSERT INTO student (student_id, fullName, group_group_id) VALUES (8401, ' ШЕВЧЕНКО ЛЮДМИЛА МИХАЙЛІВНА', 321);
INSERT INTO student (student_id, fullName, group_group_id) VALUES (8411, ' РУДЕНКО ОЛЬГА ВАСИЛІВНА', 331);
INSERT INTO student (student_id, fullName, group_group_id) VALUES (8421, ' ТКАЧУК СЕРГІЙ ВАСИЛЬОВИЧ', 331);
INSERT INTO student (student_id, fullName, group_group_id) VALUES (8431, ' КРАВЧЕНКО ІВАН ІВАНОВИЧ', 331);
INSERT INTO student (student_id, fullName, group_group_id) VALUES (8441, ' ПЕТРЕНКО КАТЕРИНА ІВАНІВНА', 331);
INSERT INTO student (student_id, fullName, group_group_id) VALUES (8451, ' КОВАЛЕНКО ОЛЬГА ГРИГОРІВНА', 331);
INSERT INTO student (student_id, fullName, group_group_id) VALUES (8461, ' ТКАЧЕНКО АНАТОЛІЙ ВАСИЛЬОВИЧ', 331);
INSERT INTO student (student_id, fullName, group_group_id) VALUES (8471, ' ХОМЕНКО МИКОЛА МИКОЛАЙОВИЧ', 331);
INSERT INTO student (student_id, fullName, group_group_id) VALUES (8481, ' ТКАЧУК ГАННА ВАСИЛІВНА', 331);
INSERT INTO student (student_id, fullName, group_group_id) VALUES (8491, ' МЕЛЬНИК ГАЛИНА ОЛЕКСАНДРІВНА', 331);
INSERT INTO student (student_id, fullName, group_group_id) VALUES (8501, ' СЕМЕНЮК ВАСИЛЬ ВАСИЛЬОВИЧ', 331);
INSERT INTO student (student_id, fullName, group_group_id) VALUES (8511, ' БІЛИК ОЛЕКСАНДР МИКОЛАЙОВИЧ', 331);
INSERT INTO student (student_id, fullName, group_group_id) VALUES (8521, ' КОВАЛЕНКО НАДІЯ ПЕТРІВНА', 331);
INSERT INTO student (student_id, fullName, group_group_id) VALUES (8531, ' КОВАЛЬЧУК МАРІЯ ФЕДОРІВНА', 331);
INSERT INTO student (student_id, fullName, group_group_id) VALUES (8541, ' ІВАНЮК МАРІЯ ІВАНІВНА', 331);
INSERT INTO student (student_id, fullName, group_group_id) VALUES (8551, ' МІЩЕНКО ІВАН ІВАНОВИЧ', 331);
INSERT INTO student (student_id, fullName, group_group_id) VALUES (8561, ' САВЧЕНКО МИКОЛА ГРИГОРОВИЧ', 331);
INSERT INTO student (student_id, fullName, group_group_id) VALUES (8571, ' КОВАЛЬЧУК МАРІЯ МИКОЛАЇВНА', 331);
INSERT INTO student (student_id, fullName, group_group_id) VALUES (8581, ' КОЗАК ВОЛОДИМИР ІВАНОВИЧ', 331);
INSERT INTO student (student_id, fullName, group_group_id) VALUES (8591, ' МІЩЕНКО ОЛЕКСАНДР ІВАНОВИЧ', 331);
INSERT INTO student (student_id, fullName, group_group_id) VALUES (8601, ' КОВАЛЬ МИКОЛА ПЕТРОВИЧ', 331);
INSERT INTO student (student_id, fullName, group_group_id) VALUES (8611, ' ХАРЧЕНКО НАДІЯ ІВАНІВНА', 341);
INSERT INTO student (student_id, fullName, group_group_id) VALUES (8621, ' ГАВРИЛЮК ВОЛОДИМИР МИКОЛАЙОВИЧ', 341);
INSERT INTO student (student_id, fullName, group_group_id) VALUES (8631, ' МАКАРЕНКО МАРІЯ ІВАНІВНА', 341);
INSERT INTO student (student_id, fullName, group_group_id) VALUES (8641, ' ОЛІЙНИК НІНА ІВАНІВНА', 341);
INSERT INTO student (student_id, fullName, group_group_id) VALUES (8651, ' КОСТЕНКО ТЕТЯНА ІВАНІВНА', 341);
INSERT INTO student (student_id, fullName, group_group_id) VALUES (8661, ' ПОПОВ ВІКТОР МИКОЛАЙОВИЧ', 341);
INSERT INTO student (student_id, fullName, group_group_id) VALUES (8671, ' МОСКАЛЕНКО ОЛЕКСАНДР ІВАНОВИЧ', 341);
INSERT INTO student (student_id, fullName, group_group_id) VALUES (8681, ' КРАВЧЕНКО ОЛЬГА МИКОЛАЇВНА', 341);
INSERT INTO student (student_id, fullName, group_group_id) VALUES (8691, ' ІВАНОВ СЕРГІЙ МИКОЛАЙОВИЧ', 341);
INSERT INTO student (student_id, fullName, group_group_id) VALUES (8701, ' БОНДАРЕНКО ВОЛОДИМИР ВОЛОДИМИРОВИЧ', 341);
INSERT INTO student (student_id, fullName, group_group_id) VALUES (8711, ' ШЕВЧЕНКО ТЕТЯНА ВОЛОДИМИРІВНА', 341);
INSERT INTO student (student_id, fullName, group_group_id) VALUES (8721, ' НАУМЕНКО ВАЛЕНТИНА МИКОЛАЇВНА', 341);
INSERT INTO student (student_id, fullName, group_group_id) VALUES (8731, ' ДЯЧЕНКО МИКОЛА ІВАНОВИЧ', 341);
INSERT INTO student (student_id, fullName, group_group_id) VALUES (8741, ' БОНДАРЕНКО НАДІЯ МИКОЛАЇВНА', 341);
INSERT INTO student (student_id, fullName, group_group_id) VALUES (8751, ' КОВАЛЬЧУК ОЛЕКСАНДР ОЛЕКСАНДРОВИЧ', 341);
INSERT INTO student (student_id, fullName, group_group_id) VALUES (8761, ' СТАСЮК ВОЛОДИМИР ІВАНОВИЧ', 341);
INSERT INTO student (student_id, fullName, group_group_id) VALUES (8771, ' ШВЕЦЬ ГАННА ІВАНІВНА', 341);
INSERT INTO student (student_id, fullName, group_group_id) VALUES (8781, ' ВОВК МАРІЯ ІВАНІВНА', 341);
INSERT INTO student (student_id, fullName, group_group_id) VALUES (8791, ' ШЕВЧУК КАТЕРИНА ІВАНІВНА', 341);
INSERT INTO student (student_id, fullName, group_group_id) VALUES (8801, ' ЛИТВИН МАРІЯ ІВАНІВНА', 341);
INSERT INTO student (student_id, fullName, group_group_id) VALUES (8811, ' КОВАЛЕНКО МАРІЯ ГРИГОРІВНА', 351);
INSERT INTO student (student_id, fullName, group_group_id) VALUES (8821, ' БОЙКО КАТЕРИНА ГРИГОРІВНА', 351);
INSERT INTO student (student_id, fullName, group_group_id) VALUES (8831, ' ІВАНОВА ГАННА ІВАНІВНА', 351);
INSERT INTO student (student_id, fullName, group_group_id) VALUES (8841, ' ХАРЧЕНКО ВОЛОДИМИР ПЕТРОВИЧ', 351);
INSERT INTO student (student_id, fullName, group_group_id) VALUES (8851, ' ВОЛОШИН ОЛЕКСАНДР МИКОЛАЙОВИЧ', 351);
INSERT INTO student (student_id, fullName, group_group_id) VALUES (8861, ' КОЛІСНИК ВАЛЕНТИНА ІВАНІВНА', 351);
INSERT INTO student (student_id, fullName, group_group_id) VALUES (8871, ' БАБЕНКО ІВАН ІВАНОВИЧ', 351);
INSERT INTO student (student_id, fullName, group_group_id) VALUES (8881, ' КОРНІЄНКО ВОЛОДИМИР ІВАНОВИЧ', 351);
INSERT INTO student (student_id, fullName, group_group_id) VALUES (8891, ' МЕЛЬНИК ГАННА ІВАНІВНА', 351);
INSERT INTO student (student_id, fullName, group_group_id) VALUES (8901, ' БОЙКО ВАСИЛЬ ФЕДОРОВИЧ', 351);
INSERT INTO student (student_id, fullName, group_group_id) VALUES (8911, ' КОВАЛЕНКО ОЛЕКСАНДР ВОЛОДИМИРОВИЧ', 351);
INSERT INTO student (student_id, fullName, group_group_id) VALUES (8921, ' ШЕВЧУК ГАННА ГРИГОРІВНА', 351);
INSERT INTO student (student_id, fullName, group_group_id) VALUES (8931, ' ІВАНОВА ВІРА ІВАНІВНА', 351);
INSERT INTO student (student_id, fullName, group_group_id) VALUES (8941, ' ШЕВЧЕНКО ІВАН МИКОЛАЙОВИЧ', 351);
INSERT INTO student (student_id, fullName, group_group_id) VALUES (8951, ' КРАВЧЕНКО ТЕТЯНА МИХАЙЛІВНА', 351);
INSERT INTO student (student_id, fullName, group_group_id) VALUES (8961, ' ПАВЛЕНКО МИКОЛА ГРИГОРОВИЧ', 351);
INSERT INTO student (student_id, fullName, group_group_id) VALUES (8971, ' ГАВРИЛЮК МАРІЯ ІВАНІВНА', 351);
INSERT INTO student (student_id, fullName, group_group_id) VALUES (8981, ' БОНДАР ГАННА ІВАНІВНА', 351);
INSERT INTO student (student_id, fullName, group_group_id) VALUES (8991, ' КОВАЛЕНКО МАРІЯ ПЕТРІВНА', 351);
INSERT INTO student (student_id, fullName, group_group_id) VALUES (9001, ' ШЕВЧУК ЛЮБОВ ІВАНІВНА', 351);
INSERT INTO student (student_id, fullName, group_group_id) VALUES (9011, ' МАТВІЙЧУК МАРІЯ ІВАНІВНА', 361);
INSERT INTO student (student_id, fullName, group_group_id) VALUES (9021, ' ВАСИЛЕНКО МИКОЛА ВАСИЛЬОВИЧ', 361);
INSERT INTO student (student_id, fullName, group_group_id) VALUES (9031, ' МЕЛЬНИК ГАННА ІВАНІВНА', 361);
INSERT INTO student (student_id, fullName, group_group_id) VALUES (9041, ' БОЙКО ІВАН ІВАНОВИЧ', 361);
INSERT INTO student (student_id, fullName, group_group_id) VALUES (9051, ' ОЛІЙНИК ВОЛОДИМИР ОЛЕКСАНДРОВИЧ', 361);
INSERT INTO student (student_id, fullName, group_group_id) VALUES (9061, ' ВЛАСЕНКО ВАЛЕНТИНА МИКОЛАЇВНА', 361);
INSERT INTO student (student_id, fullName, group_group_id) VALUES (9071, ' КОЛОМІЄЦЬ КАТЕРИНА ІВАНІВНА', 361);
INSERT INTO student (student_id, fullName, group_group_id) VALUES (9081, ' ТКАЧЕНКО НАДІЯ МИКОЛАЇВНА', 361);
INSERT INTO student (student_id, fullName, group_group_id) VALUES (9091, ' КРАВЧЕНКО ЛІДІЯ ВАСИЛІВНА', 361);
INSERT INTO student (student_id, fullName, group_group_id) VALUES (9101, ' ЛИСЕНКО ВІКТОР МИКОЛАЙОВИЧ', 361);
INSERT INTO student (student_id, fullName, group_group_id) VALUES (9111, ' МЕЛЬНИК АНАТОЛІЙ ГРИГОРОВИЧ', 361);
INSERT INTO student (student_id, fullName, group_group_id) VALUES (9121, ' КРАВЕЦЬ МИКОЛА ІВАНОВИЧ', 361);
INSERT INTO student (student_id, fullName, group_group_id) VALUES (9131, ' НЕСТЕРЕНКО ВАЛЕНТИНА ІВАНІВНА', 361);
INSERT INTO student (student_id, fullName, group_group_id) VALUES (9141, ' СКРИПНИК ВАСИЛЬ ІВАНОВИЧ', 361);
INSERT INTO student (student_id, fullName, group_group_id) VALUES (9151, ' КРАВЧЕНКО ЛЮДМИЛА ВОЛОДИМИРІВНА', 361);
INSERT INTO student (student_id, fullName, group_group_id) VALUES (9161, ' ЛЕВЧЕНКО ТЕТЯНА МИКОЛАЇВНА', 361);
INSERT INTO student (student_id, fullName, group_group_id) VALUES (9171, ' КОЛІСНИК ВІКТОР ІВАНОВИЧ', 361);
INSERT INTO student (student_id, fullName, group_group_id) VALUES (9181, ' ОЛІЙНИК ЛІДІЯ ВАСИЛІВНА', 361);
INSERT INTO student (student_id, fullName, group_group_id) VALUES (9191, ' КОСТЕНКО ОЛЕКСАНДР МИКОЛАЙОВИЧ', 361);
INSERT INTO student (student_id, fullName, group_group_id) VALUES (9201, ' БОЙЧУК ВАСИЛЬ МИКОЛАЙОВИЧ', 361);
INSERT INTO student (student_id, fullName, group_group_id) VALUES (9211, ' ШЕВЧЕНКО ВІКТОР ІВАНОВИЧ', 371);
INSERT INTO student (student_id, fullName, group_group_id) VALUES (9221, ' ПОЛІЩУК СЕРГІЙ ОЛЕКСАНДРОВИЧ', 371);
INSERT INTO student (student_id, fullName, group_group_id) VALUES (9231, ' КРАВЧУК ЛЮДМИЛА ІВАНІВНА', 371);
INSERT INTO student (student_id, fullName, group_group_id) VALUES (9241, ' МЕЛЬНИК ГАННА ОЛЕКСІЇВНА', 371);
INSERT INTO student (student_id, fullName, group_group_id) VALUES (9251, ' КОЛОМІЄЦЬ ОЛЕКСАНДР ІВАНОВИЧ', 371);
INSERT INTO student (student_id, fullName, group_group_id) VALUES (9261, ' ТКАЧЕНКО ЛЮБОВ ПЕТРІВНА', 371);
INSERT INTO student (student_id, fullName, group_group_id) VALUES (9271, ' БОЙКО МИКОЛА ІВАНОВИЧ', 371);
INSERT INTO student (student_id, fullName, group_group_id) VALUES (9281, ' КРАВЧЕНКО ГАЛИНА ІВАНІВНА', 371);
INSERT INTO student (student_id, fullName, group_group_id) VALUES (9291, ' ЛЕВЧЕНКО ВОЛОДИМИР ВАСИЛЬОВИЧ', 371);
INSERT INTO student (student_id, fullName, group_group_id) VALUES (9301, ' КОВАЛЬЧУК ВІКТОР ВАСИЛЬОВИЧ', 371);
INSERT INTO student (student_id, fullName, group_group_id) VALUES (9311, ' ПОПОВ ВІКТОР МИКОЛАЙОВИЧ', 371);
INSERT INTO student (student_id, fullName, group_group_id) VALUES (9321, ' БОЙКО МАРІЯ СТЕПАНІВНА', 371);
INSERT INTO student (student_id, fullName, group_group_id) VALUES (9331, ' БОНДАРЕНКО ВОЛОДИМИР МИКОЛАЙОВИЧ', 371);
INSERT INTO student (student_id, fullName, group_group_id) VALUES (9341, ' БОНДАРЕНКО ОЛЕКСАНДР ПЕТРОВИЧ', 371);
INSERT INTO student (student_id, fullName, group_group_id) VALUES (9351, ' ПОПОВ СЕРГІЙ ВІКТОРОВИЧ', 371);
INSERT INTO student (student_id, fullName, group_group_id) VALUES (9361, ' МЕЛЬНИК ГРИГОРІЙ ВАСИЛЬОВИЧ', 371);
INSERT INTO student (student_id, fullName, group_group_id) VALUES (9371, ' БОНДАРЧУК МАРІЯ ІВАНІВНА', 371);
INSERT INTO student (student_id, fullName, group_group_id) VALUES (9381, ' КОВАЛЬЧУК МИКОЛА МИХАЙЛОВИЧ', 371);
INSERT INTO student (student_id, fullName, group_group_id) VALUES (9391, ' ЛИТВИН ВАЛЕНТИНА ІВАНІВНА', 371);
INSERT INTO student (student_id, fullName, group_group_id) VALUES (9401, ' КЛИМЕНКО АНАТОЛІЙ ІВАНОВИЧ', 371);
INSERT INTO student (student_id, fullName, group_group_id) VALUES (9411, ' ІВАЩЕНКО ОЛЕКСАНДР ІВАНОВИЧ', 381);
INSERT INTO student (student_id, fullName, group_group_id) VALUES (9421, ' МАТВІЙЧУК МАРІЯ ІВАНІВНА', 381);
INSERT INTO student (student_id, fullName, group_group_id) VALUES (9431, ' БОНДАРЕНКО ОЛЕНА ВОЛОДИМИРІВНА', 381);
INSERT INTO student (student_id, fullName, group_group_id) VALUES (9441, ' КУЗЬМЕНКО МИКОЛА ВАСИЛЬОВИЧ', 381);
INSERT INTO student (student_id, fullName, group_group_id) VALUES (9451, ' ХОМЕНКО ПЕТРО ІВАНОВИЧ', 381);
INSERT INTO student (student_id, fullName, group_group_id) VALUES (9461, ' КОВАЛЬ ГАЛИНА МИКОЛАЇВНА', 381);
INSERT INTO student (student_id, fullName, group_group_id) VALUES (9471, ' ХОМЕНКО МИКОЛА МИКОЛАЙОВИЧ', 381);
INSERT INTO student (student_id, fullName, group_group_id) VALUES (9481, ' ТКАЧУК НАТАЛІЯ МИКОЛАЇВНА', 381);
INSERT INTO student (student_id, fullName, group_group_id) VALUES (9491, ' ПОЛІЩУК ЛЮДМИЛА ІВАНІВНА', 381);
INSERT INTO student (student_id, fullName, group_group_id) VALUES (9501, ' ЧОРНИЙ ВАСИЛЬ ІВАНОВИЧ', 381);
INSERT INTO student (student_id, fullName, group_group_id) VALUES (9511, ' МАЗУР ВАСИЛЬ ІВАНОВИЧ', 381);
INSERT INTO student (student_id, fullName, group_group_id) VALUES (9521, ' ПОЛІЩУК АНАТОЛІЙ МИКОЛАЙОВИЧ', 381);
INSERT INTO student (student_id, fullName, group_group_id) VALUES (9531, ' ПОНОМАРЕНКО ОЛЕКСАНДР ВАСИЛЬОВИЧ', 381);
INSERT INTO student (student_id, fullName, group_group_id) VALUES (9541, ' ХОМЕНКО ТЕТЯНА ІВАНІВНА', 381);
INSERT INTO student (student_id, fullName, group_group_id) VALUES (9551, ' МЕЛЬНИК ГАННА СТЕПАНІВНА', 381);
INSERT INTO student (student_id, fullName, group_group_id) VALUES (9561, ' МЕЛЬНИК АНАТОЛІЙ ПЕТРОВИЧ', 381);
INSERT INTO student (student_id, fullName, group_group_id) VALUES (9571, ' КОВАЛЬЧУК ОЛЕКСАНДР ОЛЕКСАНДРОВИЧ', 381);
INSERT INTO student (student_id, fullName, group_group_id) VALUES (9581, ' БОЙКО ВОЛОДИМИР ВАСИЛЬОВИЧ', 381);
INSERT INTO student (student_id, fullName, group_group_id) VALUES (9591, ' ПОЛІЩУК МАРІЯ МИКОЛАЇВНА', 381);
INSERT INTO student (student_id, fullName, group_group_id) VALUES (9601, ' МЕЛЬНИК ЮРІЙ МИХАЙЛОВИЧ', 381);
INSERT INTO student (student_id, fullName, group_group_id) VALUES (9611, ' ЧОРНИЙ ВАСИЛЬ МИКОЛАЙОВИЧ', 391);
INSERT INTO student (student_id, fullName, group_group_id) VALUES (9621, ' КУШНІР ЛЮДМИЛА МИКОЛАЇВНА', 391);
INSERT INTO student (student_id, fullName, group_group_id) VALUES (9631, ' ВАСИЛЕНКО НАТАЛІЯ МИКОЛАЇВНА', 391);
INSERT INTO student (student_id, fullName, group_group_id) VALUES (9641, ' БОЙКО ВАЛЕНТИНА МИКОЛАЇВНА', 391);
INSERT INTO student (student_id, fullName, group_group_id) VALUES (9651, ' КОВАЛЬ ОЛЕНА МИКОЛАЇВНА', 391);
INSERT INTO student (student_id, fullName, group_group_id) VALUES (9661, ' ШАПОВАЛ ОЛЕКСАНДР МИКОЛАЙОВИЧ', 391);
INSERT INTO student (student_id, fullName, group_group_id) VALUES (9671, ' КОВАЛЕНКО ОЛЕНА ВАСИЛІВНА', 391);
INSERT INTO student (student_id, fullName, group_group_id) VALUES (9681, ' ПАВЛЕНКО ТЕТЯНА ІВАНІВНА', 391);
INSERT INTO student (student_id, fullName, group_group_id) VALUES (9691, ' САВЧЕНКО ТЕТЯНА ВОЛОДИМИРІВНА', 391);
INSERT INTO student (student_id, fullName, group_group_id) VALUES (9701, ' ТКАЧУК ВАСИЛЬ МИКОЛАЙОВИЧ', 391);
INSERT INTO student (student_id, fullName, group_group_id) VALUES (9711, ' ДЕНИСЕНКО МАРІЯ ІВАНІВНА', 391);
INSERT INTO student (student_id, fullName, group_group_id) VALUES (9721, ' ЮРЧЕНКО ВОЛОДИМИР ІВАНОВИЧ', 391);
INSERT INTO student (student_id, fullName, group_group_id) VALUES (9731, ' ВЛАСЕНКО ВАСИЛЬ ІВАНОВИЧ', 391);
INSERT INTO student (student_id, fullName, group_group_id) VALUES (9741, ' КУЛИК ІВАН ІВАНОВИЧ', 391);
INSERT INTO student (student_id, fullName, group_group_id) VALUES (9751, ' ПЕТРЕНКО ВАЛЕНТИНА ІВАНІВНА', 391);
INSERT INTO student (student_id, fullName, group_group_id) VALUES (9761, ' РОМАНЕНКО ЛЮДМИЛА МИКОЛАЇВНА', 391);
INSERT INTO student (student_id, fullName, group_group_id) VALUES (9771, ' ШВЕЦЬ ІВАН ПЕТРОВИЧ', 391);
INSERT INTO student (student_id, fullName, group_group_id) VALUES (9781, ' МАКАРЕНКО МАРІЯ ІВАНІВНА', 391);
INSERT INTO student (student_id, fullName, group_group_id) VALUES (9791, ' КОВАЛЬЧУК ГАННА СТЕПАНІВНА', 391);
INSERT INTO student (student_id, fullName, group_group_id) VALUES (9801, ' ШВЕЦЬ МИКОЛА ІВАНОВИЧ', 391);
INSERT INTO student (student_id, fullName, group_group_id) VALUES (9811, ' ХОМЕНКО ВАЛЕНТИНА ІВАНІВНА', 401);
INSERT INTO student (student_id, fullName, group_group_id) VALUES (9821, ' КУЗЬМЕНКО ТЕТЯНА МИКОЛАЇВНА', 401);
INSERT INTO student (student_id, fullName, group_group_id) VALUES (9831, ' КОВАЛЕНКО ІРИНА МИКОЛАЇВНА', 401);
INSERT INTO student (student_id, fullName, group_group_id) VALUES (9841, ' КУЗЬМЕНКО НІНА ІВАНІВНА', 401);
INSERT INTO student (student_id, fullName, group_group_id) VALUES (9851, ' ІВАНОВ ВОЛОДИМИР ВОЛОДИМИРОВИЧ', 401);
INSERT INTO student (student_id, fullName, group_group_id) VALUES (9861, ' ЛИСЕНКО ПЕТРО ІВАНОВИЧ', 401);
INSERT INTO student (student_id, fullName, group_group_id) VALUES (9871, ' БОНДАРЕНКО СЕРГІЙ МИКОЛАЙОВИЧ', 401);
INSERT INTO student (student_id, fullName, group_group_id) VALUES (9881, ' ГРИЦЕНКО ГАННА ІВАНІВНА', 401);
INSERT INTO student (student_id, fullName, group_group_id) VALUES (9891, ' ОЛІЙНИК СЕРГІЙ ВАСИЛЬОВИЧ', 401);
INSERT INTO student (student_id, fullName, group_group_id) VALUES (9901, ' ПЕТРЕНКО ВАЛЕНТИНА МИКОЛАЇВНА', 401);
INSERT INTO student (student_id, fullName, group_group_id) VALUES (9911, ' БАБІЙ ВАСИЛЬ ІВАНОВИЧ', 401);
INSERT INTO student (student_id, fullName, group_group_id) VALUES (9921, ' КОСТЮК ГАННА ПЕТРІВНА', 401);
INSERT INTO student (student_id, fullName, group_group_id) VALUES (9931, ' ХАРЧЕНКО МАРІЯ ІВАНІВНА', 401);
INSERT INTO student (student_id, fullName, group_group_id) VALUES (9941, ' ШЕВЧЕНКО АНАТОЛІЙ ГРИГОРОВИЧ', 401);
INSERT INTO student (student_id, fullName, group_group_id) VALUES (9951, ' ПОПОВИЧ МИХАЙЛО ВАСИЛЬОВИЧ', 401);
INSERT INTO student (student_id, fullName, group_group_id) VALUES (9961, ' МЕЛЬНИК ГАЛИНА МИКОЛАЇВНА', 401);
INSERT INTO student (student_id, fullName, group_group_id) VALUES (9971, ' ШЕВЧЕНКО СВІТЛАНА АНАТОЛІЇВНА', 401);
INSERT INTO student (student_id, fullName, group_group_id) VALUES (9981, ' ВОВК ГАННА ВАСИЛІВНА', 401);
INSERT INTO student (student_id, fullName, group_group_id) VALUES (9991, ' ПОЛІЩУК НАТАЛІЯ МИКОЛАЇВНА', 401);
INSERT INTO student (student_id, fullName, group_group_id) VALUES (10001, ' КОВАЛЕНКО ТЕТЯНА ВОЛОДИМИРІВНА', 401);
INSERT INTO student (student_id, fullName, group_group_id) VALUES (10011, ' МЕЛЬНИК ОЛЕНА АНАТОЛІЇВНА', 411);
INSERT INTO student (student_id, fullName, group_group_id) VALUES (10021, ' МАРЧЕНКО ЮРІЙ МИКОЛАЙОВИЧ', 411);
INSERT INTO student (student_id, fullName, group_group_id) VALUES (10031, ' ІВАНОВА ЛЮБОВ ІВАНІВНА', 411);
INSERT INTO student (student_id, fullName, group_group_id) VALUES (10041, ' МЕЛЬНИК ВОЛОДИМИР МИХАЙЛОВИЧ', 411);
INSERT INTO student (student_id, fullName, group_group_id) VALUES (10051, ' ШЕВЧЕНКО ВАСИЛЬ ФЕДОРОВИЧ', 411);
INSERT INTO student (student_id, fullName, group_group_id) VALUES (10061, ' МАРЧЕНКО ВІКТОР ІВАНОВИЧ', 411);
INSERT INTO student (student_id, fullName, group_group_id) VALUES (10071, ' БОЙКО ВАЛЕНТИНА ВОЛОДИМИРІВНА', 411);
INSERT INTO student (student_id, fullName, group_group_id) VALUES (10081, ' МОСКАЛЕНКО ГАННА ІВАНІВНА', 411);
INSERT INTO student (student_id, fullName, group_group_id) VALUES (10091, ' ТКАЧЕНКО СВІТЛАНА ВОЛОДИМИРІВНА', 411);
INSERT INTO student (student_id, fullName, group_group_id) VALUES (10101, ' ПАВЛЕНКО ЛЮДМИЛА МИКОЛАЇВНА', 411);
INSERT INTO student (student_id, fullName, group_group_id) VALUES (10111, ' ЧОРНА МАРІЯ ІВАНІВНА', 411);
INSERT INTO student (student_id, fullName, group_group_id) VALUES (10121, ' КУЗЬМЕНКО ТЕТЯНА ІВАНІВНА', 411);
INSERT INTO student (student_id, fullName, group_group_id) VALUES (10131, ' СЕРЕДА МИКОЛА ІВАНОВИЧ', 411);
INSERT INTO student (student_id, fullName, group_group_id) VALUES (10141, ' МОРОЗ МИКОЛА МИКОЛАЙОВИЧ', 411);
INSERT INTO student (student_id, fullName, group_group_id) VALUES (10151, ' ПОЛІЩУК ОЛЕКСАНДР ПЕТРОВИЧ', 411);
INSERT INTO student (student_id, fullName, group_group_id) VALUES (10161, ' ШВЕЦЬ НАТАЛІЯ ІВАНІВНА', 411);
INSERT INTO student (student_id, fullName, group_group_id) VALUES (10171, ' ГОРДІЄНКО ВАЛЕНТИНА ІВАНІВНА', 411);
INSERT INTO student (student_id, fullName, group_group_id) VALUES (10181, ' ГОНЧАРЕНКО ВАСИЛЬ ІВАНОВИЧ', 411);
INSERT INTO student (student_id, fullName, group_group_id) VALUES (10191, ' БОЙКО АНАТОЛІЙ ВАСИЛЬОВИЧ', 411);
INSERT INTO student (student_id, fullName, group_group_id) VALUES (10201, ' КОРЖ МИКОЛА ІВАНОВИЧ', 411);
INSERT INTO student (student_id, fullName, group_group_id) VALUES (10211, ' ЛИСЕНКО МИКОЛА ПЕТРОВИЧ', 421);
INSERT INTO student (student_id, fullName, group_group_id) VALUES (10221, ' ТКАЧУК АНАТОЛІЙ ВАСИЛЬОВИЧ', 421);
INSERT INTO student (student_id, fullName, group_group_id) VALUES (10231, ' ДЕМЧЕНКО МИКОЛА ІВАНОВИЧ', 421);
INSERT INTO student (student_id, fullName, group_group_id) VALUES (10241, ' ППШЕВЧЕНКО ОЛЕКСАНДР ВАСИЛЬОВИЧ', 421);
INSERT INTO student (student_id, fullName, group_group_id) VALUES (10251, ' КРАВЧУК МИКОЛА ВАСИЛЬОВИЧ', 421);
INSERT INTO student (student_id, fullName, group_group_id) VALUES (10261, ' МЕЛЬНИК СЕРГІЙ ПЕТРОВИЧ', 421);
INSERT INTO student (student_id, fullName, group_group_id) VALUES (10271, ' ТАРАН МИКОЛА ІВАНОВИЧ', 421);
INSERT INTO student (student_id, fullName, group_group_id) VALUES (10281, ' КОВАЛЬЧУК НАДІЯ ОЛЕКСАНДРІВНА', 421);
INSERT INTO student (student_id, fullName, group_group_id) VALUES (10291, ' ШАПОВАЛ МИКОЛА ІВАНОВИЧ', 421);
INSERT INTO student (student_id, fullName, group_group_id) VALUES (10301, ' МЕЛЬНИК ІРИНА МИКОЛАЇВНА', 421);
INSERT INTO student (student_id, fullName, group_group_id) VALUES (10311, ' ЛЕВИЦЬКА МАРІЯ ІВАНІВНА', 421);
INSERT INTO student (student_id, fullName, group_group_id) VALUES (10321, ' ХАРЧЕНКО ГАЛИНА ІВАНІВНА', 421);
INSERT INTO student (student_id, fullName, group_group_id) VALUES (10331, ' ПАВЛЕНКО МИКОЛА ГРИГОРОВИЧ', 421);
INSERT INTO student (student_id, fullName, group_group_id) VALUES (10341, ' МЕЛЬНИК ОЛЕНА ВОЛОДИМИРІВНА', 421);
INSERT INTO student (student_id, fullName, group_group_id) VALUES (10351, ' ШЕВЧЕНКО ЛЮДМИЛА ІВАНІВНА', 421);
INSERT INTO student (student_id, fullName, group_group_id) VALUES (10361, ' МЕЛЬНИЧУК НАДІЯ ІВАНІВНА', 421);
INSERT INTO student (student_id, fullName, group_group_id) VALUES (10371, ' ЛИТВИН ГАННА ІВАНІВНА', 421);
INSERT INTO student (student_id, fullName, group_group_id) VALUES (10381, ' МАРЧЕНКО ЮРІЙ МИКОЛАЙОВИЧ', 421);
INSERT INTO student (student_id, fullName, group_group_id) VALUES (10391, ' ЛУЦЕНКО ІВАН ІВАНОВИЧ', 421);
INSERT INTO student (student_id, fullName, group_group_id) VALUES (10401, ' МЕЛЬНИК МИКОЛА СТЕПАНОВИЧ', 421);
INSERT INTO student (student_id, fullName, group_group_id) VALUES (10411, ' ГОНЧАРОВ ВІКТОР ІВАНОВИЧ', 431);
INSERT INTO student (student_id, fullName, group_group_id) VALUES (10421, ' МЕЛЬНИК НАТАЛІЯ ОЛЕКСАНДРІВНА', 431);
INSERT INTO student (student_id, fullName, group_group_id) VALUES (10431, ' ШЕВЧЕНКО ТЕТЯНА МИХАЙЛІВНА', 431);
INSERT INTO student (student_id, fullName, group_group_id) VALUES (10441, ' КОЛІСНИК ОЛЕКСАНДР МИКОЛАЙОВИЧ', 431);
INSERT INTO student (student_id, fullName, group_group_id) VALUES (10451, ' КРАВЧЕНКО РАЇСА ІВАНІВНА', 431);
INSERT INTO student (student_id, fullName, group_group_id) VALUES (10461, ' КРАВЧУК ОЛЕКСАНДР ВОЛОДИМИРОВИЧ', 431);
INSERT INTO student (student_id, fullName, group_group_id) VALUES (10471, ' БОНДАРЕНКО ВАСИЛЬ МИКОЛАЙОВИЧ', 431);
INSERT INTO student (student_id, fullName, group_group_id) VALUES (10481, ' ШВЕЦЬ ГАЛИНА ІВАНІВНА', 431);
INSERT INTO student (student_id, fullName, group_group_id) VALUES (10491, ' КОВАЛЕНКО ОЛЕКСАНДР ВІКТОРОВИЧ', 431);
INSERT INTO student (student_id, fullName, group_group_id) VALUES (10501, ' ШЕВЧЕНКО ГАННА ВОЛОДИМИРІВНА', 431);
INSERT INTO student (student_id, fullName, group_group_id) VALUES (10511, ' ХОМЕНКО МИКОЛА ВАСИЛЬОВИЧ', 431);
INSERT INTO student (student_id, fullName, group_group_id) VALUES (10521, ' АНТОНЮК МИКОЛА ІВАНОВИЧ', 431);
INSERT INTO student (student_id, fullName, group_group_id) VALUES (10531, ' ОЛІЙНИК ВАЛЕНТИНА ІВАНІВНА', 431);
INSERT INTO student (student_id, fullName, group_group_id) VALUES (10541, ' ТКАЧЕНКО ВАЛЕНТИНА ГРИГОРІВНА', 431);
INSERT INTO student (student_id, fullName, group_group_id) VALUES (10551, ' ХАРЧЕНКО ІВАН ВАСИЛЬОВИЧ', 431);
INSERT INTO student (student_id, fullName, group_group_id) VALUES (10561, ' БОНДАРЕНКО ОЛЕКСАНДР ІВАНОВИЧ', 431);
INSERT INTO student (student_id, fullName, group_group_id) VALUES (10571, ' КЛИМЕНКО ВАЛЕНТИНА МИКОЛАЇВНА', 431);
INSERT INTO student (student_id, fullName, group_group_id) VALUES (10581, ' ТКАЧЕНКО ІРИНА ІВАНІВНА', 431);
INSERT INTO student (student_id, fullName, group_group_id) VALUES (10591, ' ЛЕВЧЕНКО ГАЛИНА ІВАНІВНА', 431);
INSERT INTO student (student_id, fullName, group_group_id) VALUES (10601, ' КАРПЕНКО МИКОЛА ІВАНОВИЧ', 431);
INSERT INTO student (student_id, fullName, group_group_id) VALUES (10611, ' ПЕТРЕНКО ОЛЬГА ВАСИЛІВНА', 441);
INSERT INTO student (student_id, fullName, group_group_id) VALUES (10621, ' САВЧУК ГАННА ІВАНІВНА', 441);
INSERT INTO student (student_id, fullName, group_group_id) VALUES (10631, ' ДАНИЛЮК МИКОЛА ВАСИЛЬОВИЧ', 441);
INSERT INTO student (student_id, fullName, group_group_id) VALUES (10641, ' КОВАЛЕНКО ВІКТОР ІВАНОВИЧ', 441);
INSERT INTO student (student_id, fullName, group_group_id) VALUES (10651, ' ШЕВЧЕНКО ЛІДІЯ МИКОЛАЇВНА', 441);
INSERT INTO student (student_id, fullName, group_group_id) VALUES (10661, ' ПОЛІЩУК ВОЛОДИМИР МИКОЛАЙОВИЧ', 441);
INSERT INTO student (student_id, fullName, group_group_id) VALUES (10671, ' МЕЛЬНИК АНАТОЛІЙ ГРИГОРОВИЧ', 441);
INSERT INTO student (student_id, fullName, group_group_id) VALUES (10681, ' БОНДАРЕНКО ВІКТОР ВАСИЛЬОВИЧ', 441);
INSERT INTO student (student_id, fullName, group_group_id) VALUES (10691, ' ІЩЕНКО ОЛЕКСАНДР ІВАНОВИЧ', 441);
INSERT INTO student (student_id, fullName, group_group_id) VALUES (10701, ' КОВАЛЕНКО ЮРІЙ ВОЛОДИМИРОВИЧ', 441);
INSERT INTO student (student_id, fullName, group_group_id) VALUES (10711, ' ПОПОВА ОЛЕНА МИКОЛАЇВНА', 441);
INSERT INTO student (student_id, fullName, group_group_id) VALUES (10721, ' КРАВЧЕНКО МИКОЛА ФЕДОРОВИЧ', 441);
INSERT INTO student (student_id, fullName, group_group_id) VALUES (10731, ' ПОЛІЩУК ВАСИЛЬ ПЕТРОВИЧ', 441);
INSERT INTO student (student_id, fullName, group_group_id) VALUES (10741, ' ГУМЕНЮК ГАННА ІВАНІВНА', 441);
INSERT INTO student (student_id, fullName, group_group_id) VALUES (10751, ' ХОМЕНКО ВАЛЕНТИНА ВАСИЛІВНА', 441);
INSERT INTO student (student_id, fullName, group_group_id) VALUES (10761, ' РУДЕНКО ВОЛОДИМИР МИКОЛАЙОВИЧ', 441);
INSERT INTO student (student_id, fullName, group_group_id) VALUES (10771, ' РУДЕНКО МИКОЛА МИХАЙЛОВИЧ', 441);
INSERT INTO student (student_id, fullName, group_group_id) VALUES (10781, ' КОВАЛЬОВ ВІКТОР МИКОЛАЙОВИЧ', 441);
INSERT INTO student (student_id, fullName, group_group_id) VALUES (10791, ' КАРПЕНКО ВАЛЕНТИНА МИКОЛАЇВНА', 441);
INSERT INTO student (student_id, fullName, group_group_id) VALUES (10801, ' КОСТЮК ГАННА ІВАНІВНА', 441);
INSERT INTO student (student_id, fullName, group_group_id) VALUES (10811, ' БОНДАРЕНКО ЛІДІЯ МИХАЙЛІВНА', 451);
INSERT INTO student (student_id, fullName, group_group_id) VALUES (10821, ' МІЩЕНКО ТЕТЯНА МИКОЛАЇВНА', 451);
INSERT INTO student (student_id, fullName, group_group_id) VALUES (10831, ' ПОЛІЩУК МАРІЯ СТЕПАНІВНА', 451);
INSERT INTO student (student_id, fullName, group_group_id) VALUES (10841, ' БОНДАРЕНКО МАРІЯ ФЕДОРІВНА', 451);
INSERT INTO student (student_id, fullName, group_group_id) VALUES (10851, ' ВАСИЛЕНКО ІВАН ІВАНОВИЧ', 451);
INSERT INTO student (student_id, fullName, group_group_id) VALUES (10861, ' КРАВЧЕНКО ВІКТОР МИКОЛАЙОВИЧ', 451);
INSERT INTO student (student_id, fullName, group_group_id) VALUES (10871, ' МЕЛЬНИК ПЕТРО ПЕТРОВИЧ', 451);
INSERT INTO student (student_id, fullName, group_group_id) VALUES (10881, ' НАЗАРЕНКО ТЕТЯНА ІВАНІВНА', 451);
INSERT INTO student (student_id, fullName, group_group_id) VALUES (10891, ' ТКАЧУК ГАЛИНА ІВАНІВНА', 451);
INSERT INTO student (student_id, fullName, group_group_id) VALUES (10901, ' ЛИСЕНКО ПЕТРО ІВАНОВИЧ', 451);
INSERT INTO student (student_id, fullName, group_group_id) VALUES (10911, ' ПАВЛЕНКО ГАННА ІВАНІВНА', 451);
INSERT INTO student (student_id, fullName, group_group_id) VALUES (10921, ' ШЕВЧЕНКО СЕРГІЙ ІВАНОВИЧ', 451);
INSERT INTO student (student_id, fullName, group_group_id) VALUES (10931, ' ГЕРАСИМЕНКО МАРІЯ ІВАНІВНА', 451);
INSERT INTO student (student_id, fullName, group_group_id) VALUES (10941, ' КЛИМЕНКО ОЛЕКСАНДР ОЛЕКСАНДРОВИЧ', 451);
INSERT INTO student (student_id, fullName, group_group_id) VALUES (10951, ' БОНДАР ОЛЕКСАНДР МИКОЛАЙОВИЧ', 451);
INSERT INTO student (student_id, fullName, group_group_id) VALUES (10961, ' ВАСИЛЕНКО МАРІЯ ІВАНІВНА', 451);
INSERT INTO student (student_id, fullName, group_group_id) VALUES (10971, ' ХОМЕНКО НАТАЛІЯ МИКОЛАЇВНА', 451);
INSERT INTO student (student_id, fullName, group_group_id) VALUES (10981, ' КОВАЛЬ НАДІЯ ВАСИЛІВНА', 451);
INSERT INTO student (student_id, fullName, group_group_id) VALUES (10991, ' СЕМЕНЮК МАРІЯ МИКОЛАЇВНА', 451);
INSERT INTO student (student_id, fullName, group_group_id) VALUES (11001, ' СИДОРЕНКО НІНА ІВАНІВНА', 451);
INSERT INTO student (student_id, fullName, group_group_id) VALUES (11011, ' БОНДАРЕНКО ВІРА ІВАНІВНА', 461);
INSERT INTO student (student_id, fullName, group_group_id) VALUES (11021, ' КОВАЛЬ ЛІДІЯ ІВАНІВНА', 461);
INSERT INTO student (student_id, fullName, group_group_id) VALUES (11031, ' ЛЕВЧЕНКО ОЛЕКСАНДР МИКОЛАЙОВИЧ', 461);
INSERT INTO student (student_id, fullName, group_group_id) VALUES (11041, ' СЕМЕНЮК МИКОЛА ВАСИЛЬОВИЧ', 461);
INSERT INTO student (student_id, fullName, group_group_id) VALUES (11051, ' КОВАЛЕНКО ГАЛИНА ВАСИЛІВНА', 461);
INSERT INTO student (student_id, fullName, group_group_id) VALUES (11061, ' МІЩЕНКО МАРІЯ ІВАНІВНА', 461);
INSERT INTO student (student_id, fullName, group_group_id) VALUES (11071, ' КАРПЕНКО ВІКТОР ІВАНОВИЧ', 461);
INSERT INTO student (student_id, fullName, group_group_id) VALUES (11081, ' КОВАЛЬЧУК СВІТЛАНА ВАСИЛІВНА', 461);
INSERT INTO student (student_id, fullName, group_group_id) VALUES (11091, ' БОНДАР ВОЛОДИМИР МИКОЛАЙОВИЧ', 461);
INSERT INTO student (student_id, fullName, group_group_id) VALUES (11101, ' ЮРЧЕНКО ВАЛЕНТИНА ВАСИЛІВНА', 461);
INSERT INTO student (student_id, fullName, group_group_id) VALUES (11111, ' ШЕВЧЕНКО ОЛЬГА ПЕТРІВНА', 461);
INSERT INTO student (student_id, fullName, group_group_id) VALUES (11121, ' МЕЛЬНИК ВАСИЛЬ ЯКОВИЧ', 461);
INSERT INTO student (student_id, fullName, group_group_id) VALUES (11131, ' ПАВЛЕНКО МИКОЛА ІВАНОВИЧ', 461);
INSERT INTO student (student_id, fullName, group_group_id) VALUES (11141, ' КРАВЧЕНКО ТЕТЯНА МИХАЙЛІВНА', 461);
INSERT INTO student (student_id, fullName, group_group_id) VALUES (11151, ' БОНДАР ВОЛОДИМИР МИКОЛАЙОВИЧ', 461);
INSERT INTO student (student_id, fullName, group_group_id) VALUES (11161, ' ГОЛУБ ОЛЬГА ІВАНІВНА', 461);
INSERT INTO student (student_id, fullName, group_group_id) VALUES (11171, ' КОВАЛЕНКО МАРІЯ ГРИГОРІВНА', 461);
INSERT INTO student (student_id, fullName, group_group_id) VALUES (11181, ' ШЕВЧЕНКО СВІТЛАНА АНАТОЛІЇВНА', 461);
INSERT INTO student (student_id, fullName, group_group_id) VALUES (11191, ' МЕЛЬНИК ТЕТЯНА ІВАНІВНА', 461);
INSERT INTO student (student_id, fullName, group_group_id) VALUES (11201, ' БОЙКО НАТАЛІЯ ІВАНІВНА', 461);
INSERT INTO student (student_id, fullName, group_group_id) VALUES (11211, ' ВАСИЛЕНКО ВОЛОДИМИР ІВАНОВИЧ', 471);
INSERT INTO student (student_id, fullName, group_group_id) VALUES (11221, ' ЛИТВИНЕНКО НАДІЯ ІВАНІВНА', 471);
INSERT INTO student (student_id, fullName, group_group_id) VALUES (11231, ' КУЗЬМЕНКО МИКОЛА МИКОЛАЙОВИЧ', 471);
INSERT INTO student (student_id, fullName, group_group_id) VALUES (11241, ' КРАВЧЕНКО ОЛЕНА ОЛЕКСАНДРІВНА', 471);
INSERT INTO student (student_id, fullName, group_group_id) VALUES (11251, ' ГОНЧАРЕНКО ТЕТЯНА ІВАНІВНА', 471);
INSERT INTO student (student_id, fullName, group_group_id) VALUES (11261, ' ВАСИЛЕНКО МАРІЯ ІВАНІВНА', 471);
INSERT INTO student (student_id, fullName, group_group_id) VALUES (11271, ' ШЕВЧЕНКО ГАННА ФЕДОРІВНА', 471);
INSERT INTO student (student_id, fullName, group_group_id) VALUES (11281, ' ІВАНОВА ГАННА ІВАНІВНА', 471);
INSERT INTO student (student_id, fullName, group_group_id) VALUES (11291, ' ЛИСЕНКО ПЕТРО ІВАНОВИЧ', 471);
INSERT INTO student (student_id, fullName, group_group_id) VALUES (11301, ' ВАСИЛЕНКО ГАЛИНА ІВАНІВНА', 471);
INSERT INTO student (student_id, fullName, group_group_id) VALUES (11311, ' СЕМЕНЮК МАРІЯ МИКОЛАЇВНА', 471);
INSERT INTO student (student_id, fullName, group_group_id) VALUES (11321, ' БОНДАРЕНКО ЛЮДМИЛА ІВАНІВНА', 471);
INSERT INTO student (student_id, fullName, group_group_id) VALUES (11331, ' ДАНИЛЮК МАРІЯ МИХАЙЛІВНА', 471);
INSERT INTO student (student_id, fullName, group_group_id) VALUES (11341, ' ІВАНОВА ВІРА ІВАНІВНА', 471);
INSERT INTO student (student_id, fullName, group_group_id) VALUES (11351, ' АВРАМЕНКО ОЛЕКСАНДР ІВАНОВИЧ', 471);
INSERT INTO student (student_id, fullName, group_group_id) VALUES (11361, ' ДЕМЧЕНКО ОЛЕКСАНДР ІВАНОВИЧ', 471);
INSERT INTO student (student_id, fullName, group_group_id) VALUES (11371, ' ХОМЕНКО НАТАЛІЯ МИКОЛАЇВНА', 471);
INSERT INTO student (student_id, fullName, group_group_id) VALUES (11381, ' ШВЕЦЬ ВАСИЛЬ ПЕТРОВИЧ', 471);
INSERT INTO student (student_id, fullName, group_group_id) VALUES (11391, ' РУДЕНКО МИКОЛА МИХАЙЛОВИЧ', 471);
INSERT INTO student (student_id, fullName, group_group_id) VALUES (11401, ' САВЧЕНКО МИКОЛА ПЕТРОВИЧ', 471);
INSERT INTO student (student_id, fullName, group_group_id) VALUES (11411, ' ПОНОМАРЕНКО ВОЛОДИМИР ІВАНОВИЧ', 481);
INSERT INTO student (student_id, fullName, group_group_id) VALUES (11421, ' КРАВЧУК МИКОЛА ВАСИЛЬОВИЧ', 481);
INSERT INTO student (student_id, fullName, group_group_id) VALUES (11431, ' ГОНЧАРОВ ОЛЕКСАНДР МИКОЛАЙОВИЧ', 481);
INSERT INTO student (student_id, fullName, group_group_id) VALUES (11441, ' БОНДАРЕНКО ВАЛЕНТИНА ПЕТРІВНА', 481);
INSERT INTO student (student_id, fullName, group_group_id) VALUES (11451, ' КОЛОМІЄЦЬ КАТЕРИНА ІВАНІВНА', 481);
INSERT INTO student (student_id, fullName, group_group_id) VALUES (11461, ' ЧОРНИЙ ОЛЕКСАНДР ВОЛОДИМИРОВИЧ', 481);
INSERT INTO student (student_id, fullName, group_group_id) VALUES (11471, ' БОНДАР ОЛЬГА ПЕТРІВНА', 481);
INSERT INTO student (student_id, fullName, group_group_id) VALUES (11481, ' ПОЛІЩУК НІНА ПЕТРІВНА', 481);
INSERT INTO student (student_id, fullName, group_group_id) VALUES (11491, ' ХАРЧЕНКО ОЛЕКСАНДР ІВАНОВИЧ', 481);
INSERT INTO student (student_id, fullName, group_group_id) VALUES (11501, ' ЗАЄЦЬ ВОЛОДИМИР ІВАНОВИЧ', 481);
INSERT INTO student (student_id, fullName, group_group_id) VALUES (11511, ' МАРЧЕНКО ВАЛЕНТИНА МИКОЛАЇВНА', 481);
INSERT INTO student (student_id, fullName, group_group_id) VALUES (11521, ' КОВАЛЬЧУК ІВАН ІВАНОВИЧ', 481);
INSERT INTO student (student_id, fullName, group_group_id) VALUES (11531, ' ТКАЧУК ВОЛОДИМИР ІВАНОВИЧ', 481);
INSERT INTO student (student_id, fullName, group_group_id) VALUES (11541, ' ШАПОВАЛ ВОЛОДИМИР МИКОЛАЙОВИЧ', 481);
INSERT INTO student (student_id, fullName, group_group_id) VALUES (11551, ' БОНДАРЕНКО ГАННА ВАСИЛІВНА', 481);
INSERT INTO student (student_id, fullName, group_group_id) VALUES (11561, ' ЗАЄЦЬ ГАННА ІВАНІВНА', 481);
INSERT INTO student (student_id, fullName, group_group_id) VALUES (11571, ' БОНДАР ГАННА ПЕТРІВНА', 481);
INSERT INTO student (student_id, fullName, group_group_id) VALUES (11581, ' ІВАНОВА ОЛЕНА ІВАНІВНА', 481);
INSERT INTO student (student_id, fullName, group_group_id) VALUES (11591, ' БОНДАРЕНКО МИКОЛА МИХАЙЛОВИЧ', 481);
INSERT INTO student (student_id, fullName, group_group_id) VALUES (11601, ' ЛИСЕНКО ПЕТРО ІВАНОВИЧ', 481);INSERT INTO subject (subject_id, final_type, name) VALUES (1, 1, 'політологія');
INSERT INTO subject (subject_id, final_type, name) VALUES (21, 0, 'англійська мова');
INSERT INTO subject (subject_id, final_type, name) VALUES (31, 0, 'українська мова');
INSERT INTO subject (subject_id, final_type, name) VALUES (41, 1, 'математика');
INSERT INTO subject (subject_id, final_type, name) VALUES (51, 1, 'історія');
INSERT INTO subject (subject_id, final_type, name) VALUES (61, 0, 'філософія');
INSERT INTO subject (subject_id, final_type, name) VALUES (71, 1, 'інформатика');
INSERT INTO subject (subject_id, final_type, name) VALUES (81, 1, 'основи психології');
INSERT INTO subject (subject_id, final_type, name) VALUES (91, 0, 'математичний аналіз');
INSERT INTO subject (subject_id, final_type, name) VALUES (101, 0, 'основи компютерних алгоритмів');
INSERT INTO subject (subject_id, final_type, name) VALUES (111, 0, 'диференціальні рівняння');
INSERT INTO subject (subject_id, final_type, name) VALUES (121, 1, 'веб програмування');
INSERT INTO subject (subject_id, final_type, name) VALUES (141, 1, 'культурологія');
INSERT INTO subject (subject_id, final_type, name) VALUES (151, 1, 'фізика');
INSERT INTO subject (subject_id, final_type, name) VALUES (161, 1, 'фізичне виховання');
INSERT INTO subject (subject_id, final_type, name) VALUES (171, 0, 'теорія ймовірності');INSERT INTO syllabus (syllabus_id, class_type, group_group_id, professor_professor_id, subject_subject_id) VALUES (1, 0, 11, 11, 1);
INSERT INTO syllabus (syllabus_id, class_type, group_group_id, professor_professor_id, subject_subject_id) VALUES (11, 0, 171, 551, 121);INSERT INTO universitygroup (group_id, course, name, department_department_id) VALUES (1, 1, 'lol', 1);
INSERT INTO universitygroup (group_id, course, name, department_department_id) VALUES (11, 1, 'ФГН-01', 1000);
INSERT INTO universitygroup (group_id, course, name, department_department_id) VALUES (21, 1, 'ФГН-02', 1000);
INSERT INTO universitygroup (group_id, course, name, department_department_id) VALUES (31, 2, 'ФГН-03', 1000);
INSERT INTO universitygroup (group_id, course, name, department_department_id) VALUES (41, 2, 'ФГН-04', 1000);
INSERT INTO universitygroup (group_id, course, name, department_department_id) VALUES (51, 3, 'ФГН-05', 1000);
INSERT INTO universitygroup (group_id, course, name, department_department_id) VALUES (61, 3, 'ФГН-06', 1000);
INSERT INTO universitygroup (group_id, course, name, department_department_id) VALUES (71, 4, 'ФГН-07', 1000);
INSERT INTO universitygroup (group_id, course, name, department_department_id) VALUES (81, 4, 'ФГН-08', 1000);
INSERT INTO universitygroup (group_id, course, name, department_department_id) VALUES (91, 1, 'ФЕН-01', 1001);
INSERT INTO universitygroup (group_id, course, name, department_department_id) VALUES (101, 1, 'ФЕН-02', 1001);
INSERT INTO universitygroup (group_id, course, name, department_department_id) VALUES (111, 2, 'ФЕН-03', 1001);
INSERT INTO universitygroup (group_id, course, name, department_department_id) VALUES (121, 2, 'ФЕН-04', 1001);
INSERT INTO universitygroup (group_id, course, name, department_department_id) VALUES (131, 3, 'ФЕН-05', 1001);
INSERT INTO universitygroup (group_id, course, name, department_department_id) VALUES (141, 3, 'ФЕН-06', 1001);
INSERT INTO universitygroup (group_id, course, name, department_department_id) VALUES (151, 4, 'ФЕН-07', 1001);
INSERT INTO universitygroup (group_id, course, name, department_department_id) VALUES (161, 4, 'ФЕН-08', 1001);
INSERT INTO universitygroup (group_id, course, name, department_department_id) VALUES (171, 1, 'ФІН-01', 1002);
INSERT INTO universitygroup (group_id, course, name, department_department_id) VALUES (181, 1, 'ФІН-02', 1002);
INSERT INTO universitygroup (group_id, course, name, department_department_id) VALUES (191, 2, 'ФІН-03', 1002);
INSERT INTO universitygroup (group_id, course, name, department_department_id) VALUES (201, 2, 'ФІН-04', 1002);
INSERT INTO universitygroup (group_id, course, name, department_department_id) VALUES (211, 3, 'ФІН-05', 1002);
INSERT INTO universitygroup (group_id, course, name, department_department_id) VALUES (221, 3, 'ФІН-06', 1002);
INSERT INTO universitygroup (group_id, course, name, department_department_id) VALUES (231, 4, 'ФІН-07', 1002);
INSERT INTO universitygroup (group_id, course, name, department_department_id) VALUES (241, 4, 'ФІН-08', 1002);
INSERT INTO universitygroup (group_id, course, name, department_department_id) VALUES (251, 1, 'ФПН-01', 1003);
INSERT INTO universitygroup (group_id, course, name, department_department_id) VALUES (261, 1, 'ФПН-02', 1003);
INSERT INTO universitygroup (group_id, course, name, department_department_id) VALUES (271, 2, 'ФПН-03', 1003);
INSERT INTO universitygroup (group_id, course, name, department_department_id) VALUES (281, 2, 'ФПН-04', 1003);
INSERT INTO universitygroup (group_id, course, name, department_department_id) VALUES (291, 3, 'ФПН-05', 1003);
INSERT INTO universitygroup (group_id, course, name, department_department_id) VALUES (301, 3, 'ФПН-06', 1003);
INSERT INTO universitygroup (group_id, course, name, department_department_id) VALUES (311, 4, 'ФПН-07', 1003);
INSERT INTO universitygroup (group_id, course, name, department_department_id) VALUES (321, 4, 'ФПН-08', 1003);
INSERT INTO universitygroup (group_id, course, name, department_department_id) VALUES (331, 1, 'ФПРН-01', 1004);
INSERT INTO universitygroup (group_id, course, name, department_department_id) VALUES (341, 1, 'ФПРН-02', 1004);
INSERT INTO universitygroup (group_id, course, name, department_department_id) VALUES (351, 2, 'ФПРН-03', 1004);
INSERT INTO universitygroup (group_id, course, name, department_department_id) VALUES (361, 2, 'ФПРН-04', 1004);
INSERT INTO universitygroup (group_id, course, name, department_department_id) VALUES (371, 3, 'ФПРН-05', 1004);
INSERT INTO universitygroup (group_id, course, name, department_department_id) VALUES (381, 3, 'ФПРН-06', 1004);
INSERT INTO universitygroup (group_id, course, name, department_department_id) VALUES (391, 4, 'ФПРН-07', 1004);
INSERT INTO universitygroup (group_id, course, name, department_department_id) VALUES (401, 4, 'ФПРН-08', 1004);
INSERT INTO universitygroup (group_id, course, name, department_department_id) VALUES (411, 1, 'ФСНСТ-01', 1005);
INSERT INTO universitygroup (group_id, course, name, department_department_id) VALUES (421, 1, 'ФСНСТ-02', 1005);
INSERT INTO universitygroup (group_id, course, name, department_department_id) VALUES (431, 2, 'ФСНСТ-03', 1005);
INSERT INTO universitygroup (group_id, course, name, department_department_id) VALUES (441, 2, 'ФСНСТ-04', 1005);
INSERT INTO universitygroup (group_id, course, name, department_department_id) VALUES (451, 3, 'ФСНСТ-05', 1005);
INSERT INTO universitygroup (group_id, course, name, department_department_id) VALUES (461, 3, 'ФСНСТ-06', 1005);
INSERT INTO universitygroup (group_id, course, name, department_department_id) VALUES (471, 4, 'ФСНСТ-07', 1005);
INSERT INTO universitygroup (group_id, course, name, department_department_id) VALUES (481, 4, 'ФСНСТ-08', 1005);